,title,view,upload_date
0,"['예쁜', '일자어깨', '승모근', '스트레칭', 'BEST3', '거북목', '굽은등', '라운드숄더', '교정']",1137만회,4년 전
2,"['거북이', '된', '몽구', '깨비안전교육', '안전맨', '몽구', '거북목', '목디스크', '스마트폰', '보는', '자세', '깨비키즈', 'KEBIKIDS']",525만회,5년 전
4,"['ENG', '하루5분', '2주완성', '효과보장', '두턱을', '없애고', '날렵한', '턱선을', '가질', '수', '있는', '운동법', '바로시작', '2:52']",285만회,3년 전
5,"['건강', '알고리즐', '거북목,', '턱으로', '진단하고', '턱으로', '고친다']",280만회,4개월 전
6,"['거북목,', '굽은', '등', '해결', '하루', '5분', '교정', '운동']",254만회,10개월 전
8,"['거북목', '교정', '루틴', '「개정판」', '시.간.이.없.어.요']",228만회,3년 전
9,"['목', '·', '어깨', '통증', '완화를', '위한', '요가', '거북목', '·', '어깨결림', '15분', '통증', '완화', '요가', '요가소년', '055']",227만회,4년 전
10,"['하루', '10분만', '하세요👌🏻목어깨가', '거짓말처럼', '편해집니다', 'l목젖힐때', '통증l일자목통증l거북목']",204만회,9개월 전
11,"['어깨가', '아픈', '줄', '알았는데', '알고보니', '목디스크', '자세만', '바꿔도', '목디스크를', '고칠', '수', '있다는데', '지금', '당장', '따라해', '보세요.', ""'허리의"", ""신'"", '정선근', '교수가', '알려주는', '목', '디스크', '치료운동']",202만회,5개월 전
12,"['거북목', '교정', '화제의', '200만뷰', '얼굴은', '포기해도', '자세만은...-', '페인랩이', '말하는', '통증', '이야기']",200만회,4년 전
13,"['딱', '10분', '거북목,', '버섯증후군이', '있다면', '이', '운동', '제발', '하셔야', '합니다', '일자목,', '거북목', '스트레칭,', '버섯증후군교정운동']",190만회,1년 전
14,"['거북목', '자가진단', '테스트']",171만회,11개월 전
15,"['매일', '15초', '“이', '자세”를', '하면', '놀라운', '신체변화가', '생겨요']",157만회,1년 전
16,"['물리치료사가', '추천하는', '쉽고', '효율적인', '거북목,', '굽은등', '교정', '루틴', '15분', '-', '목,', '어깨,', '등', '통증,', '및', '라운드', '숄더,', '두통', '완화']",145만회,1년 전
17,"['거북목', '바로', '잡고,', '두통도', '사라지는', '‘목-어깨', ""마사지'의"", '끝판왕을', '소개합니다', '-', '송영민의', '바른자세만들기', '73', '-', '목마사지,', '어깨마사지']",135만회,5개월 전
18,"['거북목', '교정운동,', '효과가', '너무', '좋아서', '공중파', '방송에도', '출연한', '피카토', '😆']",128만회,1년 전
19,"['이것만', '따라해', '보세요', '화제의', '100만뷰', '거북목', '일자목', '교정', '영상', 'Best', 'neck', 'curve', 'correction', 'exercises.']",124만회,4년 전
20,"['Balance', 'Of', 'Life', '거북목', '교정법', '이제는', '고쳐야', '한다', 'l', '나는', '몸신이다']",120만회,3년 전
21,"['거북목', '일자목', ""'이것'"", '하나만', '있으면', '목이', '편안해집니다', '-', '이경석의', '척추88', '116', '-', '넥', '스트레처']",112만회,11개월 전
22,"['초간단', '거북목', '자가교정', '스트레칭', '신의영역', '제가', '도전합니다', '승모근', '없애는', '스트레칭', '승모근', '마사지']",104만회,2년 전
23,"['힘내쇼', '51화', '의사가', '직접', '경험한', '목어깨통증잡는', '폼롤러', '운동법💪']",101만회,1년 전
24,"['수건', '한', '장으로', ""'일자목'"", '고치는', '방법', '엄지의', '제왕', '151회']",96만회,3년 전
25,"['Balance', 'Of', 'Life', '※거북목', '퇴치※', '몸신이', '알려주는', '자세', '교정법', '2가지', '나는', '몸신이다']",95만회,1년 전
26,"['가만히', '누워만', '있어도', '되는', '‘거북', '목’', '교정', '운동법', '수요일N스타일', '@좋은아침', '5083회', '20170517']",93만회,5년 전
27,"['신의영역', ""'라운드숄더+거북목'"", '제가', '도전합니다', '셀프', '근막이완', '마사지+스트레칭']",92만회,2년 전
28,"['거북목,', '굽은어깨,', '굽은등', '교정에', '좋은', '스트레칭', 'Posture', 'correction', '-', 'rounded', 'shoulders', 'workout']",87만회,4년 전
29,"['목,', '어깨,', '등', '통증', '완화', '10분', '운동법', '승모근', '스트레칭', '및', '거북목,', '라운드숄더', '완화', '물리치료사와', '함께해요']",85만회,1년 전
30,"['일자목', '&', '거북목', '교정운동', '같이해요']",79만회,5년 전
31,"['거북목', '운동,', '이거', '하나로', '끝낸다', '-', '치맥', '운동']",72만회,3년 전
32,"['재발없는', '거북목', '치료법', 'shorts']",70만회,3개월 전
33,"['거북목', '고치려다', '일자목,', '역c자목', '된다니깐요🤭', '턱당기기', '운동', '제대로', '하는법‼️']",68만회,1년 전
34,"['거북목', '스트레칭', '이거하나면', '끝', '-', '강하나', '스트레칭', '2019.02']",68만회,3년 전
35,"['일자목VS거북목', '체형교정법', 'made', 'in', 'Australia', 'eng', 'sub']",64만회,4년 전
36,"['경추베개', '말고', '이것', '쓰세요', '거북목', '일자목', '장비&베개', '추천']",63만회,2년 전
37,"['미니', '큰일', '났어요😭', '스마트폰', '많이', '했더니', '거북목', '🐢이래요', 'ㅠㅠ', '나쁜', '자세', '교정', '운동은', '어떻게', '해야', '할까요', '우리', '아이', '바른', '자세', '거북목', '라운드숄더', '교정', '-', '별난가족']",59만회,1년 전
38,"['라운드', '숄더,', '오십견,', '거북목,', '굽은', '등', '교정', '등살빼기', '일주일만', '해보세요']",58만회,10개월 전
39,"['거북목', '교정']",54만회,1년 전
40,"['99%가', '모르는', '굽은', '등,', '거북목의', '핵심', '원인,', '해결법']",54만회,2년 전
41,"['거북목', '&', '라운드숄더', '의심돼서', '검사해봤더니', '척추가', '휘었다고요', '척추측만증', '교정', '가족', '일상', '브이로그', 'vlogㅣ토깽이네']",48만회,6개월 전
42,"['MZ세대', '코어', '특징', '거북목,', '라운드숄더', '코어운동']",48만회,1개월 전
43,"['추나요법', '해드려', '봤습니다', '거북목', '어깨', '골반교정']",46만회,1년 전
44,"['아직도', ""'턱만'"", '당기시나요', '거북목', '핵심', '교정팁', '라이프에이드', '9']",44만회,1년 전
45,"['10초만', '해보세요', '거북목', '초간단', '운동법']",43만회,1년 전
46,"['목,', '어깨', '뻐근함', '풀어주는', '스트레칭', '승모근', '통증', '완화', '스트레칭']",43만회,7개월 전
47,"['월드클래스', '한의사의', '무시무시한', '거북목', '교정법']",41만회,3년 전
48,"['하루', '10초,', '거북목', '교정👌🏻너무시원해서', '정말', '놀랐습니다', 'shorts']",39만회,10개월 전
49,"['프리저', '머리', '아닙니다', '제품리뷰', '생활꿀템', '거북목베개']",37만회,1개월 전
50,"['일자목,거북목,역c자목이', '심해지면', '발생하는', '경추디스크', '목통증이', '생기는', '이유와', '스스로', '치료하는', '방법']",38만회,1년 전
51,"['거북목', '이거', '한', '번', '해보면', '압니다.', '현직', '물리치료사의', '마사지', '기법']",36만회,2년 전
52,"['일자목,', '거북목을', '쉽게', '교정하는', '목', '운동', '치료법']",35만회,2년 전
53,"['거북목,', '말린어깨', '교정에', '좋은', '소흉근', '폼롤러', '스트레칭', 'Foam', 'roller', 'stretch']",34만회,3년 전
54,"['목디스크,', '거북목', '베개', '고르는', '법과', '베개', '사용법']",34만회,3년 전
55,"['‘이', '동작’하고', '‘거북목', '교정’해서', '도수치료', '환불했다.', 'Shorts']",31만회,1년 전
56,"['강남세란의원', '일자목,', '거북목', '운동', 'Best', 'Cervical', 'Curve', 'Exercise']",29만회,9년 전
57,"['어깨가', '넓어지는', '밴드', '운동', '루틴', '굽은등,', '거북목', '교정']",29만회,3년 전
58,"['거북목', '통증', '잡는', '예방', '&', '강화', '스트레칭']",28만회,3년 전
59,"['거북목,', '목디스크를', '위한', '수면자세', '베개', '높이,', '불면증']",27만회,3년 전
60,"['AOMG', '로꼬가', '찾아왔습니다.', '전역기념으로', '거북목교정,', '필라테스', '레슨해드림']",27만회,2년 전
61,"['거북목,', '굽은등', '교정', '방법‼️', '목', '당기기,', '가슴', '펴기가', ""'아닙니다'❌""]",23만회,6개월 전
62,"['거북목', '교정', '운동', '굽은등', '세트']",22만회,3년 전
63,"['서리요가', '40', '거북목교정,', '열린어깨', '목과', '어깨', '위에', '있는', '피로', '없애는', '35분', '요가']",22만회,2년 전
65,"['거북목', '때문에', '필사적으로', '찾은', '가성비,', '휴대성,', '퀄리티', '만족시키는', '노트북', '거치대', '3종', '리뷰ㅣ내돈내산']",21만회,8개월 전
66,"['거북목,', '자라목,', '일자목,', '역C자목', '교정운동', '이', '영상', '하나로', '해결하세요.']",18만회,2년 전
67,"['미모의', '여배우가', '받은', '도수치료', '과정', '풀공개', '🐢거북목', '환자들', '주목~']",18만회,1년 전
68,"['당신의', '목을', '망치는', '❌', '👉🏻거북목', '운동👈🏻', '그만하셔야', '합니다']",18만회,2년 전
69,"['거북목의', '정석', '1편', '원인,', '평가,', '운동,', '재활', '까지', '모두', '담았습니다']",18만회,1년 전
70,"['비명소리', '만큼', '시원한', ""'거북목+라운드숄더'"", '근막이완', '루틴']",18만회,1년 전
71,"['단', '3분', '당신의', '굽은', '목,어깨를', '바로잡아줄', '교정운동법']",16만회,7개월 전
72,"['거북목', '교정운동', '3가지와', '거북목', '자가진단방법을', '자세히', '알려드립니다']",14만회,2년 전
73,"['닥터포유', '거북목', '단,', '1분이면', '거북목', '탈출']",14만회,1년 전
74,"['거북목', '교정', '스트레칭', '가은이와', '함께', '바르고', '멋진', '체형', '만들어', '보아요~', '트리거15초']",14만회,5년 전
75,"['목', '통증', '거북목', '때문에', '도수치료', '받았더니...', '이렇게', '됐어요~', '도수치료', '리얼~', '영상']",14만회,1년 전
76,"['거북목', '딱', '15초만', '해보시쥬', '좋아유']",13만회,3년 전
77,"['목', '계속', '그렇게', '내밀고', '계시면', '버섯증후군에', '걸릴', '수도', '있습니다...', '스브스뉴스']",13만회,1년 전
78,"['거북목,', '딱', '3가지만', '기억하세요ㅣforward', 'head', 'posture', 'corrective', 'exercises']",13만회,1년 전
79,"['라운드숄더,', '거북목,', '일자목', '스스로', '교정하기', '따라하기', '쉽게', '만들어봤습니다.']",13만회,2년 전
80,"['내돈내산리뷰💰', '디닥넥으로', '거북목', '일자목', '교정이', '가능할까', '-', '광분하는', '의사들', '18화']",13만회,1년 전
81,"['우두둑', '거북목', '탈출', '⋄공간', '척추', '교정⋄', '알콩달콩', '25회', '20200402']",12만회,2년 전
82,"['거북목', '교정', '결정판', '-', 'chiropractic', '-', 'turtle', 'neck']",12만회,6년 전
83,"['거북목', '마사지:', '라운드숄더', '교정', '두통에도', '효과만점', '-', '목마사지', '셀프', '도수치료', '흉쇄유돌근', '편']",12만회,3년 전
84,"['🐢', 'CAPARAZÓN', 'DE', 'TORTUGA', 'BAJO', 'EL', 'MICROSCOPIO', '🔬']",12만회,4일 전
85,"['거북목', '베개', '효과있을까', '거북목', 'Q&A', '궁금증', '풀어드립니다']",11만회,1년 전
86,"['딩고PT', '키', '2cm', '늘리는', '거북목', '스트레칭', '매일', '스마트폰을', '쳐다보는', '사람들', '꼭', '봐']",11만회,4년 전
87,"['내돈내산리뷰', '가정용', '목견인기', '거북목교정기', '재활의학과의사가', '팩트를', '설명해준다', '사용하면', '안되는', '경우', '병원에서하는치료와', '뭐가다를까', '등', 'ㅣ에르고바디', '핏유어넥', '리뷰']",10만회,2년 전
88,"['거북목', '목통증', '목디스크', '환자는', '목', '앞쪽', '근육이', '짧아져', '있으니', '꼭', '이', '운동을', '해야', '한다']",10만회,2년 전
89,"['전신', '이완,', '거북목', '교정엔', '수건', '스트레칭🤗', '리듬체조', '전', '국가대표', '신수지와', '함께하는', '홈트', '루틴', '24주', '챌린지', '초급편', '-', 'Week3', 'I', '서른이의', '나이트루틴', '시즌2']",9.9만회,7개월 전
90,"['승모근⁉️', '보톡스❌', '시술', '없이', '길고', '예쁜', '목', '라인', '만드는', '관리법', 'ft.', '거북목ㅣ작은', '얼굴']",8.8만회,1년 전
91,"['목,', '어깨,', '등', '통증', '완화', '운동법', '20분', '버전', '-거북목', '굽은등', '라운드', '숄더', '디스크', '완화', '근골격', '질환', '예방']",8.7만회,7개월 전
92,"['30초만에', '라운드', '숄더', '교정하는', '법', '굽은어깨,', '거북목', 'shorts']",8.6만회,2개월 전
93,"['거북목', 'shorts']",8.4만회,1개월 전
94,"['누워서', '하는', '거북목', '🐢', ',', '굽은', '등', '교정', '운동', '😀', '하루', '딱', '1분,', ""'프레첼"", ""자세'"", '🥨│플.스', 'Play', 'Stretching']",7.9만회,1개월 전
95,"['방탄소년단', '진', '김석진', '거북목', '완치법']",7.7만회,1년 전
96,"['거북목', '환자에게', '좋은', '홈트레이닝', '운동', '-', '집에서', '운동하시나요', 'KBS_768회_20210317']",7.3만회,1년 전
97,"['거북목베개', '일자목베개', '고르는', '법과', '사용법', '및', '거북목교정', '스트레칭']",7.2만회,2년 전
98,"['지금', '거북목으로', '모니터', '보고', ""있습니까...'20년"", ""뒤'"", '모습', '보여드립니다', '비디오머그']",7.1만회,3년 전
99,"['목뼈가', '튀어나왔어요..', '어쩌죠', '원인&피해야할', '자세', '거북목', '극돌기', '거북목', '증후군']",6.5만회,2년 전
100,"['거북목하면', '소리지르는', '로봇만들어서', '거북목', '교정하기']",6.4만회,1년 전
101,"['거북목,', '라운드숄더', '자세교정을', '위한', '요가', '체형교정', '상체', '스트레칭,', '굽은등', '교정운동']",6만회,11개월 전
102,"['ENG', 'SNPE', 'C무브', '운동', '일자목,', '거북목', '교정을', '위한', '셀프', '운동', '테라피']",5.8만회,2년 전
103,"['승모근을', '없애고', '거북목,', '일자목에', '도움이', '되는', '운동법']",6만회,3주 전
104,"['사진찍다', '냅다', '거북목', '자랑해', '버리신', '분이라면', '클릭', '뷰티위키', 'EVENT이벤트', 'l', '올리브영', 'Oliveyoung']",5.7만회,1년 전
105,"['거북목', '심한', '인간', '거북이들', '특징', '자빱TV']",5.7만회,1년 전
106,"['거북목의', '정석', '2편', '반드시', '알아야', '합니다']",5.6만회,1년 전
107,"['진짜', '건강', '일자목,거북목에', '효율적인', '경침', '활용', '방법', '한의사', '박용환']",5.4만회,7년 전
108,"['3高와', '거북목', '환자에게', '좋은', '⑥분', '수건', '경추', '스트레칭', '내', '몸', '사용설명서', '288회', '20200207']",5.3만회,2년 전
109,"['척추측만&거북목을', '가진', '직장인.학생들을', '위한', '교정', '트레이닝']",5.1만회,5년 전
110,"['거북목교정기', '체형교정에', '실제', '효과가', '있을까']",4.9만회,1년 전
111,"['거북목,', '굽은', '어깨,굽은', '등', '나쁜', '자세', '3종', '세트', '한번에', '교정하기', '-부르거', '운동', '-', '송영민의', '바른자세만들기', '34']",4.7만회,1년 전
112,"['거북목', '일자목', '체형교정', '자세교정', '거북목', '스트레칭', '거북목', '운동', '거북목', '교정치료']",4.5만회,3년 전
113,"['거북목에', '좋은', '이거', '알려주니까', '환자가', '안', '와요', '거북목,', '일자목', '교정운동', '루틴']",4.5만회,4개월 전
114,"['★초간단', '거북목', '교정법', 'BEST', '3★', '딱', '세', '가지만', '기억하세요', '나는', '몸신이다', '212', '회']",4.4만회,1년 전
115,"['거북목', '교정운동', '할때', '많이들', '놓치는', '이', '근육']",4.2만회,8개월 전
116,"['맥타', '반드시', '효과를', '보는', '6가지', '거북목', '교정']",4만회,3년 전
117,"['일자목', '거북목', '운동전에', '꼭', '봐야하는', '영상', '일자목환자가', '가슴펴기', '등펴기하면', '안되는이유']",4만회,1년 전
118,"['얍얍', '거북목', '교정운동기구', ""'카이로넥'""]",3.8만회,5년 전
119,"['거북목,', '일자목', '교정기', '발란스코드', '넥팟']",3.6만회,6개월 전
120,"['일자목,', '거북목', '효과', '직빵', '운동']",3.6만회,3년 전
121,"['8회', '만에', '거북목', '개선', '굽어있던', '목', '펴주는', '운동효과', '나는', '몸신이다', '383', '회']",3.6만회,6개월 전
123,"['세상에서', '교정하기', '제일', '쉬운', '자세', 'TOP', '3‼️', '굽은등,', '거북목,', '라운드숄더']",3.5만회,3개월 전
124,"['수술', '없이', '거북목', '일자목', '교정', '스트레칭', '운동', '2가지']",3.4만회,1년 전
125,"['말없이', '무작정', '따라하는', '거북목', '교정', '운동', '프로그램', '1일차']",3.2만회,4년 전
126,"['거북목', '있는', '사람', '이', '스트레칭은', '절대로', '하지마세요.', 'ep.04', '거북목_목베개스트레칭']",3.1만회,11개월 전
127,"['거북목', '10초만', '이렇게', '해보세요', '턱을', '뒤로', '당기지', '마시구요']",3.1만회,2개월 전
128,"['🎉이벤트🎉', '거북목', '원인', '알고', '스트레칭과', '지압법', '알아보기', 'ep13.', '거북목', '스트레칭']",3만회,3주 전
129,"['거북목,', '일자목을', '목', '스트레칭', '하나로', '해결❓', '목좀', '그만', '괴롭히세요‼️']",3.1만회,7개월 전
130,"['내가', '거북목이라고', '셀프', '거북목', '테스트', 'shorts']",3.1만회,9개월 전
131,"['거북목,', '일자목', '엑스레이', '없이도', '구분하는', '법', '이파마스터', '장원석', '트레이너', '체형교정']",3만회,1년 전
132,"['거북목,', '거북등,', '골반교정', '주중루틴1.']",2.9만회,4년 전
133,"['나만', '알고싶은', '거북목,', '라운드숄더', '교정', '치트키', '운동', '공유해요']",2.9만회,1개월 전
134,"['거북목', '퇴치', '하루', '6분', '투자해서', '거북목', '예방하자', '핵심', '교정', '팁']",2.6만회,1년 전
135,"['거북목', '증후군', '건강플러스']",2.5만회,2년 전
136,"['거북목', '교정', '下편', '-', '그만', '찾으시고', '이거', '보세요😉']",2.4만회,3년 전
137,"['재활의학과', '교수가', '보증하는', '초간단', '거북목', '스트레칭법', 'feat.', '수건,', '테니스공', '재활의학과', '윤승현', '교수', '아주대병원TV']",2.3만회,1년 전
138,"['거때잡', 'a.k.a', '거북목때려잡기']",2.3만회,2년 전
139,"['최신판', '목이', '길어지고', '싶은', '사람', '드루와라', '거북목', '교정', '운동', '정파카']",2.2만회,1년 전
140,"['거북목을', '만드는', '날개뼈통증', '견갑거근', '&능형근', '어깨스트레칭으로', '교정하기', '온도니쌤']",2.2만회,3년 전
141,"['거북목', '굽은등', '백크', '재활', '가능', '불가능']",2.1만회,1년 전
142,"['프로게이머에게', '추나요법', '해드렸습니다', '어깨', '굽은', '등', '거북목', '교정', 'shorts']",2.1만회,3주 전
143,"['🐢힘들지', '않게', '거북목', '교정하는', '방법', 'shorts']",2만회,5개월 전
144,"['탑파이브', '거북목잡는', '메모리폼베개', '추천순위', '-', '목디스크', '경추베개', '포기하게', '되는이유', '등', '자세히']",1.9만회,1년 전
145,"['라운드숄더', '거북목', 'tip']",2.2만회,12일 전
146,"['효과적인', '거북목', '&', '라운드숄더', '스트레칭', '및', '교정운동', '5가지']",1.9만회,3년 전
147,"['😰', '검사모', '하다', '목', '아픈사람', '필독', '😰', '거북목에', '좋은', '스트레칭', '추천드려요', '-', '영순이', '따라', '홈트레이닝ㅣ검은사막', '모바일', 'BlackDesert', 'Mobileㅣ']",1.8만회,2년 전
148,"['SUB', '승모근', '보톡스', '끊게', '만들어준', '등운동,', '거북목', '일자목', '통증', '체형교정']",1.8만회,2년 전
149,"['06_거북목', '교정', '운동', '굽은등·뭉친', '승모근이', '고민이라면', '집중ㅣ야핏크루', '형주현']",1.8만회,3년 전
150,"['하루', '10분,', '집에서', '단기간에', ""'거북목'"", '교정하는', '꿀팁']",1.8만회,3년 전
151,['거북목'],1.8만회,2개월 전
152,"['목뼈', '휘는', ""'거북목"", ""증후군'"", '질환', '급증', 'YTN', 'Yes', 'Top', 'News']",1.8만회,6년 전
153,"['거북목', '교정할', '때', '목만', '보신다고요…', '절대', '안', '낫습니다']",1.8만회,3년 전
154,"['한', '번만', '해도', '효과', '100%❗', '거북목', '교정,', '승모근', '스트레칭', 'a.k.a', '신의', '영역']",1.7만회,1년 전
155,"['자세교정밴드로', '굽은등과', '거북목을']",1.7만회,7개월 전
156,"['거북목', '예방을', '위한', '5가지', '방법🐢ㅣ공부', '자세', 'shorts']",1.7만회,4개월 전
157,"['라운드숄더+굽은등+거북목', '한꺼번에', '교정하는', '비법', '대공개']",1.6만회,5년 전
158,"['하루', '3분', '거북목,', '굽은등', '해결', '운동']",1.6만회,5일 전
159,"['거북목', '교정', '운동', '제발', '이', '영상', '보고', '하세요.']",1.6만회,6개월 전
160,"['턱이', '쇄골에', '안', '닿으면', '거북목…고치려면', '어떻게', '뉴스A']",1.6만회,4개월 전
161,"['거북목', '교정운동법']",1.5만회,4개월 전
162,"['‘거북목,', ""일자목'"", '고치려면', ""'이"", ""근육'을"", '알아야', '합니다-', '척추TV', '시즌2', '7', '-', '거북목,', '일자목']",1.5만회,5개월 전
163,"['스트레칭:거북목,일자목,목통증']",1.7만회,5일 전
164,"['침대에서', '딱', '5분', '거북목', '탈출하자', '목통증,', '두통,', '만성피로', '굿바이']",1.5만회,3년 전
165,"['거북목증후군,', '이것만', '하면', '됩니다']",1.5만회,10개월 전
166,"['05_거북목', '교정', '스트레칭', '하루', '5분', '집에서', '간.단.', '거북목', '교정', '스트레칭ㅣ야핏크루', '형주현']",1.4만회,3년 전
167,"['거북목', '교정기', '10초만에', '만드는', '방법', '알려드립니다', '집에서', '바로', '따라해보세요']",1.5만회,9개월 전
168,"['초간단', '거북목', '자가진단과', '교정법']",1.4만회,5개월 전
169,"['나의', '목은', '거북목일까', '일자목일까', '-', '차이점을', '알고', '다르게', '운동해야', '합니다']",1.4만회,3년 전
170,"['어디서든', '할', '수', '있는', '거북목', '교정', '운동', 'BEST5']",1.3만회,1년 전
171,"['거북목,', '굽은등,', '말린어깨', '루틴', '10분-', '스파인', '코렉터', '버전.']",1.3만회,1개월 전
172,"['DAY7.', '거북목', '교정', '승모근', '없애고', '일자', '쇄골', '&', '어깨', '만들기', '홈트여신']",1.3만회,3년 전
173,"['거북목', '되돌려', '놓는', '1분', '스트레칭', '홈트레이닝']",1.3만회,4년 전
174,"['생로병사의', '비밀', '-', '퇴행성의', '시작,', '일자목과', '거북목', '증후군.20160217']",1.2만회,6년 전
175,"['5일만에', '바뀌는', '쉬운', '거북목교정']",1.3만회,6개월 전
176,"['옷핏', '예뻐지고', '얼굴도', '작아보이는', '법‼️거북목', '교정', '&', '일자어깨', '만들기', '스트레칭', '같이해요', 'SUB', 'Stretching', 'Routine', 'to', 'Solve', 'Tech', 'Neck']",1.2만회,1년 전
177,"['거북목', '10초만에', '자가진단', '하는', '법', 'shorts']",1.2만회,1개월 전
178,"['거북목,', '라운드숄더', '체형에서', '호흡할', '때', '어깨가', '들리는', '원리', '목통증,', '승모근', '뭉침', '원인', '넘버원']",1.2만회,2개월 전
179,"['거북목', '셀프', '테스트🐢', 'shorts']",1.2만회,5개월 전
180,"['거북목', '라운드', '숄더가', '심한', '힘콩이', '하는', '스트레칭은', 'feat', '.', '꼭', '1주일만', '따라해보세요']",1.2만회,2년 전
181,"['나는', '일자목일까', '거북목일까', '일자목', '거북목', '스트레칭', '방법,', '베개', '사용법,', '교정방법,', '진단법', '차이', '알아보기']",1.2만회,1년 전
182,"['거북목', '완화하는', '가장', '쉬운', '방법', '3분', ""'벽"", '기대기', ""운동'"", '나는', '몸신이다', '383', '회']",1.2만회,6개월 전
183,"['올바른', '자세를', '위한', '굽은등펴기', '운동법', '4탄', '거북목,라운드숄더']",1.1만회,3년 전
184,"['정보충전', '당신의', '목은', '안녕하십니까…‘거북목’', '예방법', 'KBS뉴스', 'News']",1.1만회,3년 전
185,"['간단한', '운동을', '통해', '거북목', '증후군', '치료하기', 'KBS', '20221026', '방송']",1.1만회,3주 전
186,"['마사지건으로', '거북목을', '확실하게', '풀어보자', '-현직', '도수치료사가', '알려주는', '꿀', 'TIP']",1.1만회,2년 전
187,"['목디스크,', '거북목,', '일자목', '목통증', '환자의', '통증을', '유발하는', '수면자세와', '교정법']",1만회,7개월 전
188,"['목', '통증', '거북목,', '일자목', '교정운동', '하지마세요', 'Please~']",9.3천회,11개월 전
189,"['목통증', '없애는', '방법', '목결림', '거북목', '일자목', '통증', '완화', '제오의', '힐링', '가이드', '1', '목통증', '목결림', '푸는', '5분', '초간단', '셀프힐링법']",9.5천회,10개월 전
190,"['물리치료사가', '알려주는', '거북목', '운동', '루틴']",9.3천회,2년 전
191,"['거북목', '교정법', '꼭', '보세요', '22.04.22-2']",9.2천회,7개월 전
192,"['현대인들의', '고질병', '‘거북목’', '손쉽게', '교정하는', '법', '대공개', '-', '송영민의', '바른자세만들기', '33']",9.3천회,1년 전
193,"['Eng', '거북목', '교정해서', '키크는법', '3cm가능', '이게', '되네', '거북목', '척추', '교정', '스트레칭으로', '숨은키', '찾기', '자세교정', '체형교정', '어깨', '비대칭', '교정운동']",8.9천회,2년 전
194,"['직장인', '80%가', '있다는', '거북목', '증후군', '예방하는', '방법']",8.8천회,1개월 전
195,"['목', '통증', '잡는', '앉아서', '하는', '거북목', '교정', '운동ㅣ일자목', '교정운동']",8.8천회,1년 전
196,"['홈', '필라테스', 'Goodbye거북목', 'shorts']",9천회,1개월 전
197,"['거북목,', '목통증이', '있는분들은', '꼭', '보세요']",8.5천회,2년 전
198,"['하루15분', '건강한', '목을', '위한', '시간', '-', '아이소넥', '거북목', '일자목', '교정', '스트레칭']",8.4천회,4년 전
199,"['거북목', '한달교정', '프로젝트,', '어렵지', '않습니다.', '꼭', '한달', '동안', '해보시길', '바랍니다']",8.5천회,1년 전
200,"['하루', '10분', '거북목', '교정', '운동', '거북목,', '굽은등,', '라운드숄더,', '굽은', '어깨,', '목', '운동,', '체형', '교정,', '거북목스트레칭', '비온뒤', '금쪽', '운동', '상담소', '6', '김수관', '코치', '&', '정진희', 'PD']",8.3천회,5개월 전
201,"['거북목&목디스크예방과', '해소하는', '에콜스', '요가']",8.4천회,2개월 전
202,"['의자를', '이용한', '거북목', '교정요가', '8분', '라운드숄더', '거북목', '교정요가', 'Fix', 'Rounded', 'Shoulders', 'by.지음요가', 'jiumyoga']",8.1천회,4년 전
203,"['거북목', '이', '동작을', '당장합니다', 'feat.', '흉쇄유돌근', '전경근막', '이복근', '광경근']",8.1천회,2년 전
204,"['장비소개', '거북목을', '방지합시다', '제가', '사용하고', '있는', '노트북', '모니터', '거치대를', '소개합니다.']",7.9천회,2년 전
205,"['마사지건으로', '거북목을', '확실하게', '풀어보자', '-현직', '도수치료사가', '알려주는', '꿀', 'TIP', '2탄']",7.7천회,2년 전
206,"['※거북목', '주목', '잘못된', '자세가', '화를', '부른다...', '교감신경을', '신경질', '나게', '하는', '진짜', '원인', '나는', '몸신이다', '295', '회']",7.7천회,2년 전
207,"['상체', '체형', '교정', '운동하고', '거북목&라운드', '숄더', '탈출하자', '+팔뚝살', '라인', '정리', '나는', '몸신이다', '373', '회']",7.6천회,8개월 전
208,"['거북목', '잡는', '새로운', '방법', ':역류성', '식도염,', '갑상선,', '편도선,', '목의', '이물감,', '목감기,', '목주름']",7.6천회,3년 전
209,"['거북목이', '나쁜게', '아니라', '나쁜자세로', '거북목을', '하니', '몸에', '안', '좋은', '거에요.']",7.6천회,9개월 전
210,"['자세교정', '거북목,', '라운드숄더', '이렇게', '쉽다', 'round', 'shoulder']",7.6천회,1년 전
211,"['방치하면', '목', '디스크로', '이어질', '수', '있다', '거북목증후군보다', '위험한', '버섯증후군의', '증상은', '옥탑방의', '문제아들', 'Problem', 'Child', 'in', 'House', 'KBS', '221012', '방송']",7.5천회,1개월 전
212,"['거북목', '교정', '목디스크에좋은', '운동', '일자목', '목통증', '스트레칭', '지압', '마사지', 'Forward', 'Head', 'Posture', 'Treatment', 'Neck', 'disc', 'exercise']",7.2천회,2년 전
213,"['거북목', '해결', '및', '방지', '운동', '데스런', '송창현']",7.1천회,3개월 전
214,"['거북목', '교정은', '이', '운동부터', '시작해보세요', 'shorts']",6.9천회,7개월 전
215,"['거북목', '교정운동', '휘고', '틀어진', '목어깨,', '척추', '바로', '펴자,', 'with', '김미경', '선생님']",6.5천회,5년 전
216,"['거북목', '교정', '스트레칭보다', '간단한', '생활꿀팁', '2가지']",6.5천회,3년 전
217,"['ENG', '거북목,', '라운드', '숄더', '탈출기🐢', '필라테스', '비추천', '하는', '이유', '경락,', '주사,', '도수치료', '❌', '집에서', '스스로', '교정하는', '방법']",6.5천회,1개월 전
218,"['당신도', '거북목입니까', '다큐S프라임', 'YTN', '사이언스']",6.3천회,2년 전
219,"['거북목', '그만🚫', '거북목', '스트레칭🐢', '2가지', 'shorts', '거북목', '스트레칭']",6.2천회,8개월 전
220,"['일자목', '거북목', '확실한', '스트레칭♡♡']",6.1천회,10개월 전
221,"['유투버', ""'헬창'님"", '거북목', '정복기']",7.6천회,1개월 전
222,['거북목'],6.5천회,4개월 전
223,"['굽은', '등', '교정', '말린', '어깨,', '굽은', '등,', '거북목을', '교정해주는', '스완', '동작', '후면', '라인을', '강화시켜', '봅시다~']",5.8천회,7개월 전
224,"['거북목', '교정운동', '하루에', '5분이면', '거북목', '교정', '충분히', '할', '수', '있어요', '신의영역에', '제가', '도전', '합니다']",5.8천회,9개월 전
225,"['거북목', '환자가', '거북목', '자세로', '자면', '안', '되는', '이유와', '해결방법']",5.7천회,1년 전
226,"['EP', '9.', '거북목', '자세교정', '재활필라테스', '12주운동']",5.6천회,1년 전
227,"['거북목', '잡는', '최고의', '운동', '날개뼈', '주위', '근육', '강화']",5.6천회,1개월 전
228,"['매일', '30초', '투자로', '거북목', '통증에서', '벗어나는', '방법']",5.6천회,8개월 전
229,"['거북목,', '라운드숄더', '인분들', '주목', '상체가', '개운해지는', '마법의', '스트레칭', '🍃']",5.5천회,2개월 전
230,"['하루', '1분', '거북목', '완화', '스트레칭', '3탄', 'shorts']",5.4천회,3개월 전
231,"['거북거북', '현대인들의', '만성질환', '거북목과', '일자목', '거북목교정,', '일자목교정,', '거북목마사지,', '거북목개선방법,', 'forward', 'head', 'posture']",5.3천회,3년 전
232,"['거북목은', '왜', '등', '운동이', '잘', '안될까요']",5.1천회,3년 전
233,"['거북목', '말린어깨', '바르게', '펴주는', '필라테스', '스완', '동작']",5.1천회,8개월 전
234,"['거북목', '버섯증후군', '있다면', '이', '운동', '꼭', '하세요.', '거북목', '잘가👋']",5.2천회,2개월 전
235,"['건강한', '우리', '부산', '거북목', '탈출', '프로젝트']",5천회,3년 전
236,"['거북목', '탈출', '아이패드,', '아이폰,', '태블릿pc,', '거치대', '가성비', '아이템', '5가지', '비교', '추천']",5천회,1년 전
237,"['거북목', '교정', '초간단', '스트레칭']",5천회,1개월 전
238,"['당신은', '거북목인가요', '신세계서울병원', '정형외과', '정호진']",5천회,4개월 전
239,"['거북목', '교정운동']",4.9천회,2개월 전
240,"['1분', '운동으로', '거북목', '예방하기', '거북목운동']",5천회,1개월 전
241,"['목과', '허리를', '견인하라', '일자목', '거북목', '허리통증', '있으면', '꼭하세요']",4.9천회,4개월 전
242,"['▶️거북목', '2분', '교정법', '수건으로', '거북목일자목', '교정', '먹고빼고', 'EatFit']",4.8천회,1년 전
243,"['거북목,', '일자목을', '교정하는', '기본운동', '2편,', '단축된', '목앞쪽', '근육마사지와', '스트레칭법']",4.7천회,7개월 전
244,"['닥터홍선생', '62.', '목디스크', '거북목', '있는', '사람은', '이미', '알고', '하고', '있는', '너무', '좋은', '방법', '목디스크,', '거북목,', '목', '통증,', '등', '통증']",4.7천회,4개월 전
245,"['거북목', '예방', '아이패드,', '노트북', '스탠드']",4.4천회,2년 전
246,"['거북목', '라운드숄더', '모든', '교정운동을', '한곳에', '담았다', '2']",4.4천회,6개월 전
247,"['거북목이고요.', '목,', '어깨가', '아파요.']",4.3천회,6개월 전
248,"['현대인들의', '거북목증후군,', ""'오버헤드스쿼트'로"", '해결하자', '초간단', '2분', '바디컷']",4.2천회,3년 전
249,"['거북목', '예방', '스트레칭', '3가지', '3', 'stretching', 'to', 'prevent', 'turtle', 'neck', 'shorts', '거북목', '굽은등']",4.2천회,1년 전
250,"['매일', '10분', '거북목,', '굽은등을', '해결하기', '위한', '운동', '루틴']",4.2천회,2개월 전
251,"['일자목운동', '거북목스트레칭4.', '쇄골마사지까지', '한번에,', '흉쇄유돌근', '운동']",4.5천회,9개월 전
252,"['거북목에', '두통까지', '있다면', 'shorts']",4.1천회,3개월 전
253,"['거북목', '교정', '운동', '&', '목디스크', '운동_PT재석']",4천회,2년 전
254,"['거북목증후군', '자연치료', '👨\u200d💻간단히', '어깨', '뒷목', '굳거나', '뭉쳐', '심한', '통증', '자연치료']",3.9천회,2년 전
255,"['딱', '7분', '거북목', '교정하는', '운동', '방법', '안미라']",3.9천회,4개월 전
256,"['거북목+굽은등', '탑재하신분', '보세요']",4천회,1개월 전
257,"['거북목', '굽은', '등', '교정', '운동', '마산', '라운지', '더리햅']",3.8천회,1개월 전
258,"['자세', '교정', ""'거북목"", '교정', ""스트레칭'""]",3.8천회,1년 전
259,"['거북목에', '최고로', '좋은', '3가지', '알려드립니다.']",3.7천회,5개월 전
260,"['통증도', '날아가는', '거북목', '교정운동', '3편', '바로바디', '프로젝트']",3.7천회,1년 전
261,"['거북목', '일자목', '교정', '이영상', '하나로', '통증이', '없어질수', '있습니다']",3.7천회,1개월 전
262,"['목디스크', '하루', '10분', '운동으로', '가능', '거북목', '일자목', '탈출', '목편한', '운동', '홈트레이닝']",3.5천회,3개월 전
263,"['※실제', '사례※', '벽만', '있으면', '준비', '완료,', '운동', '한', '번으로', '거북목', '치료까지', '나는', '몸신이다', '383', '회']",3.6천회,6개월 전
264,"['거북목운동', '앉아서', '하는', '5분', '거북목', '통증', '간단한운동']",3.4천회,1개월 전
265,"['목디스크,', '목통증,', '거북목', '환자의', '수면자세', 'shorts']",3.5천회,2개월 전
266,"['거북목,', '일자목', '교정', '호흡운동법', 'I', '루이빈치과', '류지헌', '원장']",3.9천회,3주 전
267,"['거북목', '교정', '굽은등', '스트레칭💡💡', '거북목', '거북목교정', '거북목스트레칭', '굽은등교정', '굽은등', '어깨스트레칭', '써니요가', '홈트추천', '굽은어깨', '초등학생브이로그']",3.3천회,1개월 전
268,"['거북목', '스트레칭', ',', '앉아서', '딱', '30초만', '따라해보세요']",3.2천회,3년 전
269,"['초간단', '거북목', '탈출', '운동', '명강사', '시즌2', '수상작']",3.2천회,3주 전
270,"['필라테스', '홈트여신', '바베바니의', '하루', '5분', '거북목', '교정', '스트레칭']",3.2천회,2년 전
271,"['거북목', '기적운동법', '지금', '시작합니다.', '몸만남tv', '에서', '여러분의', '숨은', '키를', '찾아드립니다.', '거북목', '거북목교정', '거북목스트레칭', '거북목재활']",3.2천회,3개월 전
272,"['여자친구가', '거북목이라면', '꼭', '따라해보세요', '따라하는', '건강레시피']",3.1천회,2년 전
273,"['악소리', '절로', '나오는', '거북목,', '굽은등', '스트레칭', '목,', '어깨', '시원하게', '스트레칭', '하기']",3천회,1년 전
274,"['거북목', '교정운동법']",3.1천회,1개월 전
275,"['일자목', '고치기', '거북목', '고치기,', '일자목', '거북목', '다른', '겁니다', '운동', '알고', '하셔야겠지요', 'How', 'to', 'Fix', 'Military', 'neck', '&', 'Head', 'forward', 'posture']",3천회,4개월 전
276,"['현대인의', '고질병', '거북목,', '말린', '어깨에서', '벗어나자', '🐢', '요가에', '빠지다', 'EP.', '3-1']",2.9천회,1개월 전
277,"['일자목,', '거북목', '교정', '스트레칭', '운동🧘\u200d♂️처음', '배우는', '초보자', 'SNPE', '바른자세', '척추운동']",2.9천회,2년 전
278,"['굽은등,', '거북목에', '좋은', '흉추', '가동성', '운동', '동작~']",2.9천회,3개월 전
279,"['거북목이라면', '놓치지', '말아야', '할', '마자시기']",2.8천회,3년 전
280,"['지금', '당장', '거북목', '증상', '고쳐야', '하는', '이유', '2', '가지', '-', '일자목', '거북목', '스트레칭', '치료', '교정']",2.8천회,2개월 전
281,"['거북목', '되기싫으면', '매일', '해야하는', '목', '운동', '목', '통증과', '두통의', '원인', '해결하기']",2.9천회,1개월 전
282,"['거북목을', '치료해주는', '앱', '🐢', 'shorts', 'forwardhead']",2.8천회,7개월 전
283,"['나도', '혹시', '일자', '거북목', '집에서', '간단히', '알아보는', '목', '테스트']",2.8천회,10개월 전
284,"['거북목-', '바른', '자세와', 'exercise로', '좋아진다']",2.7천회,2년 전
285,"['거북목,', '목틀어짐엔', '이', '운동', '하나면', '고민', '끝ヾ', '≧▽≦*', 'o']",2.6천회,1년 전
286,"['30초만에', '거북목', '탈출', 'feat.', ""'나는"", ""몸신이다'"", '출연']",2.6천회,3개월 전
287,"['땅콩볼을', '이용한', '거북목', '교정과', '승모근통증', '등통증', '해결', '운동', 'Duoball', 'for', 'Forward', 'Head']",2.5천회,10개월 전
288,"['상체', '후면', '운동', '뒤로', '꺾어', '말린', '어깨', '거북목', '교정하는', '리버스', '플랭크', 'shorts']",2.5천회,7개월 전
289,"['거북목,', '둥근어깨', '날려버리는', '랫풀다운', '허리', '목', '아픈', '이유', '&', '해결해주는', '등', '운동', '자세박사윤박사_등운동', '1편', 'ep.24']",2.4천회,1년 전
290,"['거북목증후군', '운동', '마사지,', '스트레칭,', '교정', '및', '강화운동', '총정리']",2.4천회,3년 전
291,"['초간단', '목,', '어깨', '정화운동', '거북목', '일자목', '어깨충돌증후군', '다따라하기']",2.4천회,3개월 전
292,"['거북목은', '어떤', '마음', '때문에', '생기나요']",2.4천회,3개월 전
293,"['거북목', '조심..']",2.4천회,2년 전
294,"['워라밸TV', '🐢거북목에', '💀척추휜', '직장인', '다모여라', '😼직장냥', '균형이가', '알려주는', '올바른', '자세로', '👨\u200d💼👩\u200d💼업무보는법❗❕❗❕']",2.3천회,11개월 전
295,"['아두이노', '거북목', '방지기', '제작']",2.3천회,1개월 전
296,"['하루', '3분', '거북목', '예방', '체조_더스트레이트']",2.3천회,4년 전
297,"['그렇게', '앉아있다간', '거북목을', '못', '면합니다']",2.3천회,3개월 전
298,"['이거', '하나만', '잘해도', '거북목', '교정됩니다']",2.3천회,6일 전
299,"['모니터', '위치만', '바꿔도', '거북목', '예방', '가능']",2.2천회,1개월 전
300,"['거북목', '굽은등', '어깨', '스트레칭🔥', '거북목스트레칭', '거북목', '거북목교정', '굽은등교정', '굽은등', '어깨스트레칭', '스트레칭', '거북목운동', '목디스크']",2.2천회,1개월 전
301,"['거북목교정', '라운드숄더교정운동', '바른자세만들자']",2.2천회,2년 전
302,"['거북목,', '안구건조증', '등', 'VDT증후군에', '대해', '알아보자', '스마트폰,', '컴퓨터', '작업환경이', '만든', '현대인의', '증상들']",2.2천회,2년 전
303,"['물리치료도수치료', '극대화', '해드립니다', '오십견', '거북목', '일자목', '만성요통']",2.3천회,4주 전
304,"['스스로', '치료하는', '어깨통증,', '거북목,', '허리통증', '완화', '자연치유', '따라하는', '요가', '스트레칭']",2.1천회,3년 전
305,"['거북목', '교정', '수키원장', '월요일', '전신운동', '모두', '따라하세요']",2.1천회,1개월 전
306,"['거북목증후군', '자가진단', '테스트']",2.1천회,1년 전
307,"['거북목', '교정에', '탁월한', '운동법', '브릿지', '몸개그', '포함', 'turtle', 'neck', 'correction', 'adjustment', 'Comedy', 'Bridge']",2.1천회,2년 전
308,"['거북목', '굽은등', '교정운동', '딱', '15초', 'shorts', '거북목', '굽은등']",2천회,1개월 전
309,"['10분', '아이', '체형', '교정운동', ""'희원쌤의"", '아이', '거북목', ""잡기'""]",2천회,6개월 전
310,"['다이어트', '71kg에서', '58kg으로', '감량', '체형교정과', '거북목', '개선도', '인생', '첫', '비키니', '촬영']",2천회,2년 전
311,"['나', '거북이', '아닌뒈🐢📢거북목&일자목', '교정에', '좋은', '목', '신전', '운동🐱\u200d🏍']",1.9천회,1년 전
312,"['👍집에서개인레슨👍', '거북목', '목디스크', '집에서', '개인레슨받는', '것처럼운동하세요']",1.9천회,3개월 전
313,"['아이소넥', '일자목,', '거북목', '교정', '원리', '아시아경제TV', '인터뷰']",1.9천회,4년 전
314,"['거북목', '굽은등', '스트레칭,', '눈피로', '푸는법', 'standing', 'yogaathome', '제로요가', 'Joanne']",1.9천회,1년 전
315,"['모니터암', '설치', '필수인', '이유ㅣ거북목에', '좋은', '아이템ㅣ모니터암', '사용', '리뷰', '추천']",1.9천회,2년 전
316,"['거북목', '거북목', '탈출', '하루', '10분', '루틴', '목스트레칭', '거북목']",1.9천회,6개월 전
317,"['효과빠른', '거북목교정운동', '수건으로', '거북목셀프교정', '굽은등펴주는', '운동루틴', '이중턱살빼는', '거북목교정운동', '루나홈트']",1.9천회,3년 전
318,"['거북목', '일자목을', '누워자면서', '고칠수', '있다면~', '이보다', '좋을수', '없다']",1.8천회,3개월 전
319,"['거북목', '10초만에', '고치기']",1.8천회,10개월 전
321,"['⚠️굿바이', '거북목⚠️', 'shorts']",1.8천회,1개월 전
322,"['거북목', '증후군,', '목', '디스크', '부른다…', '거북목', '예방', '운동법은']",1.8천회,10개월 전
323,"['📣지금', '의사가', '만든', '베개', '38%', '할인중', '목디스크', '거북목', '일자목', '주목🙋\u200d♀️', '씨가드', '닥터필로']",1.8천회,4개월 전
325,"['하루에', '10분', '앉아서', '하는', '거북목,', '라운드숄더', '교정운동', '임산부,', '육아맘,', '직장인', '모두', '할', '수', '있는', '시원한', '스트레칭']",1.7천회,2년 전
326,"['경추', '의료기베개,', '네큐어', 'MP_100,', '필요한', '이유~', '거북목', '교정,', '목디스크', '치료와', '숙면에', '도움']",1.7천회,7개월 전
327,"['✅', '거북목을', '유발하는', '목빗근', '흉쇄유돌근', '스트레칭']",1.7천회,3일 전
328,"['거북목', '완화', '운동', '거북목', '완벽', '해결', '폼롤러', '운동', '3가지_폼롤러', '없이', '하는', '방법']",1.7천회,2개월 전
329,"['거북목', '증후군으로', '고생하던', '이', '소녀가', '택한', '길은', '닥터', '팍', '스토리', '제', '2화', '강주연', '님', '편']",1.6천회,4개월 전
330,"['거북목', '교정', '전문가가', '알려주는', '누워서', '이마', '눌러', '턱당기기', '운동']",1.6천회,5개월 전
331,"['아두이노응용', '5', '거북목', '방지기']",1.6천회,2년 전
332,"['거북목', '셀프', '스트레칭', '필라테스', '체형교정', '재활운동']",1.6천회,6일 전
333,"['말린어깨', '거북목', '라운드숄더', '이론이', '아니라', '실전이다.', '걷기운동', '러닝', '달리기운동', '걸음걸이교정', '처진', '어깨부터', '잡아야', '하는', '이유', '정성열의', '바른걷기', '펌프워킹']",1.5천회,1년 전
334,"['거북목', '교정운동', 'shorts', '거북목교정', '거북목']",1.5천회,1개월 전
335,"['★UC청출어람★', '울산과학대학교', '물리치료학과', '-', '거북목', '치료법']",1.4천회,2년 전
336,"['등살빼기', 'shorts', '굽은등', '거북목']",1.9천회,9시간 전
337,"['거북목', '목이아니라', '이곳을', '교정하세요', '닥터포유', '2020.11.18', '디지털증후군']",1.4천회,2년 전
338,"['거북목', '교정운동']",1.3천회,1개월 전
339,"['거북', '목', '5분', '운동', '목', '통증', '목주름', '있는', '사람들을', '위한', '맨', '몸', '운동']",1.3천회,8개월 전
340,"['거북목', '해결', '방법을', '알아낸', '복남_거북목', '웹드라마_거북별_', '4화']",1.3천회,2년 전
341,"['거북목증후군&라운드숄더', '현대인에게', '많이', '발생하는', '질환']",1.2천회,1개월 전
342,"['거북목', '해결책은', '거북목', '스트레칭_거북별_웹드라마_5화']",1.2천회,2년 전
343,"['움츠러든', '내', '모습', '피고', '싶을때', '스트레칭', '피티원압구정', '거북목스트레칭', 'shorts']",1.2천회,1개월 전
344,"['라운드', '숄더&거북목', '교정', '라운드', '숄더,', '거북목', '고민', '타파', '현직', '뱀부', '테라피스트의', '효과', '보장', '셀프', '뱀부', '스트레칭']",1.2천회,6개월 전
345,"['거북목을', '위한', '운동', '솔루션', 'shorts']",1.2천회,5개월 전
346,"['거북목,', '일자목', '방치하면', '이렇게', '됩니다', '반드시', '교정해야', '되는', '이유', '-', '뼈건강', '골든타임', '1│거북목,', '일자목,', '원인,', '통증,', '교정,', '치료,', '예방법']",1.2천회,9개월 전
347,"['★15초', '완성★', '거북목', '완화에', '특효인', ""'벽"", '기대기', ""운동법'"", '나는', '몸신이다', '383', '회']",1.2천회,6개월 전
348,"['플라잉요가', '-', '경추', '견인', '및', '거북목', '교정🌈']",1.2천회,4개월 전
349,"['Shorts,', '누구게', '뱀인줄,', '거북목', '증후군', '없는', '거북이,', 'متلازمة', 'عنق', 'السلحفاة,', 'Turtle', 'Neck', 'Syndrome,', '동물농장,', 'Ukulele,', '우클렐레', '연주']",1.2천회,1년 전
350,"['굽은', '어깨,', '거북목', '탈출', '탄력밴드를', '이용한', '자세', '교정', '운동,', '함께', '해봐요']",1.2천회,1년 전
351,"['👉스페셜컨텐츠👈나는왜', '거북목인가', '원인을알아야', '고칠수있어요~꼬북이들', '모여라~~😊', '거북목', '목디스크']",1.2천회,4개월 전
352,"['거북목이라면', '제발', '이', '운동', '해주세요', 'shorts']",1.2천회,4개월 전
353,"['라운드숄더', '해결', '3가지', '운동', 'health', 'rehab', 'shorts', '거북목교정', '거북목', '직각어깨', '등운동']",1.1천회,1개월 전
354,"['거북목에', '새우등의', '위험성은', '두통,', '어지러움,', '이명,', '브레인포그의', '원인']",1.1천회,5개월 전
355,"['거북목', '굽은등', '승모근', '있다면', '푸쉬업', '이렇게', '하세요']",1.1천회,11개월 전
356,"['하루10분', '어린이', '필라테스😣거북목NO', '😊곧은', '어깨YES']",1.1천회,1년 전
357,"['자세', '좋은', '사람도', '일자목', '거북목', '평생', '못', '벗어납니다.']",1.1천회,2개월 전
358,"['항상', '뻐근한', '목', '거북목', '교정,', '턱만', '당기면', '된다고', '바른생활', '1회']",1.1천회,1년 전
359,"['거북목자가진단법', '과', '거북목교정', '셀프마사지', '위뷰티', '내손성형라이브']",1.1천회,11개월 전
360,"['스파인코렉터', '굽은등', '거북목', '교정을', '위한', '25분', '운동']",1.1천회,4개월 전
361,"['거북목에', '좋은', '운동,', '나쁜', '운동', '코메디닷컴']",1천회,4년 전
362,"['거북목,', '일자목', '교정', '거북목', '일자목', '목디스크']",1천회,2개월 전
363,"['양요섭', 'Full', 'Shot', '모음', '거북목', '치료', '춤']",1.5천회,1일 전
364,"['오늘의', '홈트', '현대인의', '고질병', '거북목,', '라운드', '숄더', '여름이', '다가오기', '전에', '폼롤러로', '교정해요']",1천회,6개월 전
365,"['거북목', '교정운동법']",1천회,2개월 전
366,"['시원한', '굽은등', '교정', '운동법', 'shorts', '거북목', '거북목교정', '굽은등']",1천회,1개월 전
367,"['거북목', '없애고', '싶다면', ""'이렇게'"", 'shorts']",1천회,2주 전
368,"['지겨웠던', '거북목', '탈출', '손쉬운', ""'양팔"", '올려', '삼손', '쥐기', ""운동'"", '나는', '몸신이다', '373', '회']",1천회,8개월 전
369,"['은신처는', '가볍게', '박살내는', '거북이']",1천회,1일 전
370,"['거북목', '교정', '운동', '&', '상체', '자세교정', '방법', '-', 'GX', '그룹운동']",999회,1개월 전
371,"['거북목', '교정운동']",994회,1개월 전
372,"['거북목', '자가진단법', '🐢']",974회,4개월 전
373,"['거북목', '자가', '교정', '-', '1편', '골반', '교정부터', '해야', '하는', '이유']",921회,1년 전
374,"['거북목,', '허리디스크', '집에서', '치료할', '수', '있어요']",908회,11개월 전
375,"['거북목', '목통증', '컴퓨터', '작업', '시', '아플', '때', '바로', '바로', '해결해야', '합니다', '그래야', '근본적으로', '교정됩니다']",901회,8개월 전
376,"['수험생', '거북목', '예방', '스트레칭']",881회,5개월 전
377,"['내가', '거북목인지', '20초', '안에', '알아보는', '방법', '직장인,', '학생', '주목']",857회,3개월 전
378,"['말린', '어깨,', '거북목,', '라운드', '숄더', '초간단', '스트레칭']",860회,1개월 전
379,"['거북목', '교정', '너무', '쉬운데요', '굽은등,', '거북목', '교정운동', '+', '스트레칭', '방법']",863회,2개월 전
380,"['거북목', '교정운동', '가슴', '펴기가', '아닙니다❌']",842회,3개월 전
381,"['시드니', '꽃미남', '의사에게', '거북목', '교정', '받기,', '뼈소리', '우두둑', 'Dr.', 'Top', 'KIM', '&', 'Spinal', 'Care', 'Dean', 'in', 'Sydney']",827회,2개월 전
382,"['거북목', '탈출은', '물론', '두통까지', '사라지는', '👉🏻거북목', '교정법👈🏻']",845회,6개월 전
383,"['모두의', '거북목', '스트레칭']",807회,3개월 전
384,"['목', '뒷골', '땡길', '때', '하면', '아픔이', '사라집니다', '거북목', '통증', '교정', '강화', '운동', '2탄', '견갑거근', '스트레칭', 'shorts']",815회,1년 전
385,"['너무', '시원해요', 'shorts', '거북목', '목디스크']",800회,1개월 전
386,"['거북목', '자가', '교정-3편', '사각근', '스트레칭']",826회,1년 전
387,"['🐢굽은등&거북목', '따라', '해보세요', '효과', '직방✅', 'shorts']",881회,1개월 전
388,"['거북목', '교정운동', '전후']",797회,2개월 전
389,"['거북목', '교정', '띠라렉', '디닥넥', '잘못하면', '독이될까', '전문가들이', '알려주는', '결론은', '과연', '말처럼', '쉽게될까', '실버의', '소확행', '70대유튜버', '실버시대TV']",780회,11개월 전
390,"['거북목', '변화', '과정', 'shorts']",774회,3개월 전
391,"['현직', '정형외과', '원장이', '알려드립니다', 'ㅣ', '거북목', 'ㅣ', '일자목', 'ㅣ', '스트레칭']",773회,1년 전
392,"['거북목,', '일자목', '해결', '쉽고', '효과적인', '스트레칭']",748회,1개월 전
393,"['Massage', 'ASMR', '거북목', '교정', '목', '&', '어깨', '마사지', 'Neck', '&', 'Shoulder', 'Massage', 'for', 'Tech', 'Neck', 'Text', 'Neck']",730회,7개월 전
394,"['거북목', '교정운동', 'shorts']",684회,1개월 전
395,"['거북목', '교정운동']",697회,4개월 전
396,"['거북목', 'Forward', 'head', 'posture', '과', '우울증', ':', '인식을', '통해', '습관', '바꾸기']",684회,2년 전
397,"['거북목', '교정하려면', '꼭', '같이해줘야하는', '부위', '등', '상부흉추']",690회,1년 전
398,"['프로토타입', '시연', '영상', '有', '거북목', '판별', '알고리즘을', '활용한', '자세', '교정', '반응형', '헬스케어', '시스템', '여러분의', '목은', '건강하신가요', 'feat.', '거북목과', '함께한', '졸업', '프로젝트', '개발']",661회,2년 전
399,"['안마원', '원장이', '전하는', '거북목', '허리', '단계별', '교정', '15']",638회,2개월 전
400,"['바른자세', '거북목', '라운드숄더', 'forward', 'shoulder', '교정을', '위한', '상체', '기본운동', '정성열', '푸시업', '하루에', '100번', '30일만', '해보세요.']",662회,1개월 전
401,"['굽은어깨,', '굽은등', '교정운동', '거북목', '말린어깨', '라운드숄더', '홈트', '오십견']",627회,5개월 전
402,"['필라테스링', '운동법', ':', '거북목스트레칭', '운동법']",623회,1년 전
403,"['거북목', '챌린지']",623회,3개월 전
404,"['거북목', '교정🐢', '직장인', '만성', '피로', '풀어주는', '초간단', '스트레칭🙆']",614회,1년 전
405,"['놀라운', '거북목', '교정기', 'https:', 'cafe.naver.com', 'daeho3501', '32936viewType=pc']",616회,1개월 전
406,"['거북목', '바이러스에', '걸린', '이', '시대의', '직장인들을', '위한', '바이러스', '퇴치법', '워킹데드', '퇴치법', '거북목', '거북목교정', '간단스트레칭']",602회,3년 전
407,"['거북목', '30년차가', '인정한', '인생', '경추베개', '추천제품']",600회,2개월 전
408,"['고양이와', '거북이', '사이..', '벵갈', '망고와', '육지거북', '롱롱이', '사냥', '아님', '고양이', '육지거북', '벵갈', '레오파드육지거북']",579회,4주 전
409,"['현직', '물리치료사도', '매일', '쓰는', '거북목', '스트레칭', '루틴', '+', '굽은', '등,', '라운드숄더', '교정은', '덤✨']",574회,8개월 전
410,"['거북목이', '심한', '당신', '기적의', '10초', '마사지', 'feat.거북목교정마사지', 'shorts', 'shortsvideo', 'shortsvideos']",569회,1일 전
411,"['하루', '5분', '라운드숄더', '교정', '이걸로', '끝', '어깨', '거북목', '굽은등', '스트레칭', '운동']",570회,1개월 전
412,"['거북목', '승모근', '통증', '효과없는', '스트레칭은', '그만', '3가지', '강화', '운동', '따라해', '보세요', '대흉근', '스트레칭', '흉추가동성', '운동', '어깨', '가동성', '운동']",578회,1개월 전
413,"['다본', '거북목,', '굽은등', '운동']",576회,4개월 전
414,"['거북목,', '굽은등', '3분', '셀프', '스트레칭']",554회,3개월 전
415,"['거북목', '굽은등', '있다면', '벤치프레스', '이렇게', '하세요.']",556회,11개월 전
416,"[""'이"", ""동작'"", '하나로', '거북목', '탈출할', '수', '있습니다']",550회,3개월 전
417,"['거북목', '스쿼트']",736회,1일 전
418,"['성장기', '아이,', '거북목으로', '아파해요🐢', '키', '크는데', '방해되지', '않게', '어떻게', '관리해줘야', '하죠']",535회,3개월 전
419,"['거북목이라면', '집중', '목이', '쫙', '펴지는', '브라키오사우르스', '체조', 'shorts']",525회,1개월 전
420,"['거북목', '교정', '루틴', '3가지', '-', '3탄', '수어포함']",669회,1일 전
421,"['거북목,', '두통있고', '자세도', '안좋다']",497회,6년 전
422,"['거북목＆일자목', '있으신', '분들..', '이', '목마사지기', '진짜', '효과', '대박', '강추합니다']",513회,1개월 전
423,"['거북목+일자목+라운드숄더+굽은등', '세트로', '오면', '교정방법', '알려드립니다']",485회,3개월 전
424,"['짐볼로하는', '거북목', '굽은', '등에', '좋은', '스트레칭']",604회,4개월 전
425,"['🐢5분', '안에', '거북목', '안녕👋', '간단하게', '목', '교정', '스트레칭하기']",483회,2개월 전
426,"['거북목', '굽은', '등', '폼롤러', '셀프', '스트레칭', 'How', 'to', 'self-stretch', 'turtle', 'neck', 'and', 'curved', 'back', 'with', 'a', 'foam', 'roller']",559회,4일 전
427,"['거북목에', '새우등', '자세,', '치료가', '꼭', '필요한', '이유는', '미남&미녀', '자세', '건강의', '비밀']",527회,5개월 전
428,"['거북목,', '굽은', '등', '흉추후만', '추나', '술기', '올바른', '척추정렬의', '중요성']",467회,1개월 전
429,"['거북목', '때문에', '퇴사할', '순', '없잖아요...', '현대인들을', '위한', '일자목', '스트레칭ㅣ메디움', '도수치료센터']",455회,4개월 전
430,"['아케소', '거북이', '목보호대', '💥거북목교정기💥', '💥목스트레칭💥', '💥목보호대💥']",455회,11개월 전
431,"['길다란쌤', '거북목을', '길다란', '목으로~', '길다란목을', '원하세요', 'shorts', '거북목', '길다란', '공원체조']",588회,10시간 전
432,"['무턱', '환자가', '말하는', '거북목,', '일자목의', '원인은', 'shorts']",463회,5개월 전
433,"['거북목을', '위한', '운동', '솔루션', 'shorts']",424회,4개월 전
434,"['쉽게', '거북목', '탈출하자', '거북목스트레칭', '일자목', '필라라희']",426회,1개월 전
435,"['누우면', '바로', '기절,,,', '거북목베개', '추천', '하루수면연구소', '하루끝베개', '리뷰']",551회,3개월 전
436,"['땅땅하게', '굳은', '거북목', '볼', '마사지', '시원한', '볼테라피', '어깨', '통증', '목통증', '해결']",424회,8개월 전
437,"['라운드', '숄더', '교정', '전후', '거북', '목', '교정', '스트레칭으로', '어깨', '넓어지는', '방법']",418회,9개월 전
438,"['거북목과', '목', '디스크', '-스마트폰의', '역습', '강호영', '영상의학과', '전문의', '-', 'MBC', '건강교실']",488회,6일 전
439,"['거북목', '바로', '교정', '효과', '어깨밴드,', '어깨고정,', '어깨교정밴드']",399회,4개월 전
440,"['스타트잉글리시', 'EP253.', '거북목', '영어로', '이렇게', '말해요', 'feat.', '원인은', '스마트폰']",399회,1년 전
441,"['목,어깨', '뻐근함', '없애주는', '거북목', '교정❗️', 'I', '목통증', '어깨', '결림', '이대로만', '해보세요🤗']",396회,7개월 전
442,"['현대인들의', '고질병인', '거북목', '거북목', '사피엔스가', '되지', '않기', '위해서는']",399회,3개월 전
443,"['Review리뷰', '거북목', '문제', '해결', '될까요', '교정용', '모니터', '스탠드를', '소개합니다.']",388회,1년 전
444,"['거북목', '교정', '운동', '3가지', '-', '2탄', '수어포함']",472회,1일 전
445,"['거북목교정운동', '라운드숄더교정운동-1분컷', 'shorts']",371회,3개월 전
446,"['동탄', '리몸델링', '체형교정에서', '거북목', '교정을', '받은', '10대', '남학생의', '소감']",367회,8개월 전
447,"['거북목', '교정을', '받고', '팔저림', '어깨', '통증이', '사라진', '40대', '여성', '인터뷰', 'l', '목디스크', '치료방법을', '찾으신다면', 'feat.', '동탄', '도수치료', '리몸델링', '체형교정']",367회,6개월 전
448,"['필라케이블', '기본동작', '10_컬업플라이', '【거북목', '교정】']",383회,4개월 전
449,"['은평인홈트', '거북목', '뭉친승모근', '다', '풀어버리는', '스트레칭', '여기있지', '어깨스트레칭', '홈트', '집에서', '하는', '홈트']",360회,11개월 전
450,"['DAY', '24', '거북목', '목', '통증개선', '목안의', '불편함등', '목의', '순환을', '도와요', '유챌']",363회,6개월 전
451,"['거북목', '명의', '점점', '앞으로', '기울어지는', '목,', '어떻게', '치료해야', '할까']",359회,4개월 전
452,"['거북목', '교정', '운동법', '맥킨지', '운동', '의', '올바른', '자세']",355회,2개월 전
453,"['거북목,', '말린어깨는', '이렇게', '해보세요.', '한번만해도', '효과보장', 'FIX', 'FORWARD', 'HEAD', 'POSTURE']",356회,2개월 전
454,"['내', '몸', '보고서', '목과', '어깨', '뒷골까지', ""뻐근…'거북목'"", '원인과', '대책은', 'YTN', '사이언스']",356회,3개월 전
455,"['거북목', '완화', '운동', '거북목,', '일자목', '개선', '운동', '3가지']",350회,3개월 전
456,"['거북목을', '위한', '운동', '솔루션', 'shorts']",419회,1개월 전
457,"['거북목', '스트레칭이', '쓸모없는', '이유']",345회,4개월 전
458,"['물리치료사가', '알려주는', '목디스크,', '거북목,', '일자목의', '정의~', '도대체', '누구냐,', '넌~~', '이론편']",339회,1년 전
459,"['거북목을', '위한', '운동', '솔루션', 'shorts']",335회,1개월 전
460,"['미추홀구시설관리공단', '임직원', '스트레칭', '영상', '2주차:', '거북목', '스트레칭']",342회,3개월 전
461,"['거북목', '필수', '운동']",321회,2개월 전
462,"['거북목', '교정Turtle', 'Neck', 'Correction']",486회,2일 전
463,"['DAY3', '앉아서도', '할수있는', '굽은등', '활짝펴기', '굽은', '어깨', '거북목', '교정', '유챌']",332회,7개월 전
464,"['10초만에..', '초간단', '거북목', '스트레칭', '방법', 'feat.', '일자목', '스트레칭,', '거북목', '운동']",322회,2개월 전
465,"['거북목인', '사람', '모여봐~', '거북목', '마사지', '직장인', '학생', 'shorts']",312회,8개월 전
466,"['거북목', '교정', '운동', '3가지,', '거북이가', '되는', '원인', '3가지']",311회,6개월 전
467,"['거북목', '교정을', '위해', '해야할', '3가지', '-', '1탄', '수어포함']",680회,1일 전
468,"['거북목', '후기영상', 'shorts', '거북목교정']",296회,6개월 전
469,"['거북목', '완화', '운동', '2탄', '거북목,', '일자목', '개선', '운동', '3가지', 'Part.02']",299회,2개월 전
470,"['거북목', '탈출', '목', '스트레칭', 'I', '날', '따라', '해', '봐요', '요렇게', 'EP.1']",318회,1개월 전
471,"['라운드', '숄더', '스트레칭', '라운드숄더', '거북목', '가슴스트레칭', '재활', '트레이닝', '트레이너', '피트니스', '신현리', '라이프플러스']",299회,2개월 전
472,"['뒷목이', '뻣뻣함의', '한방치료,', '거북목증후군,', '항강증']",300회,1년 전
473,"['A-53', '경추협착증', '목디스크', '목통증', '거북목', '일자목', '목디스크자연치유', '@들꽃효소마을', '단식원']",295회,2개월 전
474,"['거북아', '거북아', '뭐허니', '-', '거북목', '셀프치료']",291회,6개월 전
475,"['거북목,', '일자목,', '지친', '어깨의', '솔루션', '예인에서', '해결하세요', '★예인에스테틱', '전주', '신시가지점★']",291회,3개월 전
476,"['◈PS5◈', '엘든', '링,', '스톰빌', '성,', '거북', '목', '절임,', '석검열쇠', '얻는', '법,', '간단', '던전', '공략', '초회차']",289회,8개월 전
477,"['두꺼비', '목성형을', '아시나요', '일자목,', '거북목,', '가로', '목주름,', '세로', '목주름에', '효과적인', '목', '축소', '수술✨']",304회,3개월 전
478,"['목통증,', '어깨통증', '해결방법', '거북목,', '일자목', '예방', '운동', '3탄', '생활', '속', '틈짬때', '매일', '3분', '운동']",280회,3개월 전
479,"['거북목운동', 'How', 'to', 'fix', 'forward', 'head', 'posture', '바른자세', '거북목', '사각턱운동']",282회,2개월 전
480,"['거북목', '일자목', '모두', '교정', '가능한', '운동', '프리미엄', '리햅']",281회,5개월 전
481,"['오늘도내일도세솟는', '도수의일상', '5', '거북목', '1편', '-', '세솟는정형외과병원', '서강대', '앞']",276회,1개월 전
482,"['층간소음X', '거북목', '일자목', '해결방법', '생활', '속', '틈짬때', '매일', '3분', '운동']",279회,3개월 전
483,"['거북목증후군', '한번', '체크해', '봅시다']",272회,2개월 전
484,"['거북목', '교정', '스트레칭🖤견갑골과', '등', '근육', '스트레칭']",262회,1년 전
485,"['바른체형', '스트레칭', '수영', '스트레칭', '거북목', '굽은등', 'shorts']",262회,7개월 전
486,"['신개념', '목보호대', '이지넥블랙', '목보호대', '거북목', '일자목교정기', '목견인치료기', '거북목교정기', '거북목', '뒷목땡김']",265회,1년 전
487,"['일자목,', '거북목,', '뒷목', '뻣뻣할', '때', '1분', '스트레칭~', 'shorts']",257회,3개월 전
488,"['슬림핏', '다이어트_섹시한', '뒤태', '만들기', '01', '스완', '일자목,', '거북목', '교정에', '효과', '만점~']",262회,6개월 전
489,"['거북목', '일자목', '목통증,', '어깨통증', '해결방법', '생활', '속', '틈짬때', '매일', '3분', '운동', '층간소음X']",258회,3개월 전
490,"['예비신부', '거북목', '굽은등', '교정운동', 'shorts', '거북목교정', '거북목']",239회,1개월 전
491,"['이', '병은', 'MRI에도', '나오지', '않는다고', '-', '일자목', '거북목']",230회,2개월 전
492,"['거북목', '치료', '필수템', '카멜마운트', '모니터암', 'BMA-2', '리뷰']",229회,1년 전
493,"['이대로', '거북목', '방치하면', '*목', '디스크*걸립니다.', '거북목교정', '총정리-스트레칭편-']",235회,1개월 전
494,"['거북목', '쉽고', '빠른', '교정', '운동']",227회,3개월 전
495,"['내셔널', '거북목', '완치', '그래픽Ⅲ']",221회,2개월 전
496,"['내셔널', '거북목', '그래픽']",217회,2개월 전
497,"['굽은등', '과', '거북목에', '효과좋은', '스트레칭', 'shorts']",215회,2개월 전
498,"['Ep.10', '현대인의', '가장', '흔한', '질병', ""'거북목"", ""증후군'의"", '모든', '것을', '알려드립니다.']",222회,3개월 전
499,"['뻣뻣한', '목', '스트레칭', '-', '거북목', '교정', '😻']",214회,1개월 전
500,"['치료사', '출신', '강사', '거북목,', '일자목', '이신', '분들', '매일', '이', '운동', '하셔요', '거북목운동', '목운동']",219회,1개월 전
501,"['이대로', '거북목', '방치하면', '*목', '디스크*걸립니다.', '거북목교정', '총정리-교정운동편-']",243회,1개월 전
502,"['거북목', '굽은등', '스트레칭', '하루', '10분', '간편하게', '할', '수', '있는', '거북목', '굽은등', '교정운동']",216회,2개월 전
503,"['일자목,', '거북목,', '두통', '때문에', '고생중', '이라면', '이', '영상을', '꼭', '보세요.', '일자목', '거북목', '두통', '헬스트레이너', '교정', '목통증']",202회,3개월 전
504,"['단', '1번만에', '거북목', '교정', 'shorts', '거북목', '거북목교정']",262회,1개월 전
505,"['목통증', '이제', '좀', '시원하네', '일자목,', '거북목', '교정만이', '답이다', '고생하지', '말고', '미리', '챙기세요', '바른', '자세,', '바른', '목', '만들기', '디닥넥', 'Didocneck']",202회,3개월 전
506,"['거북목', '탈출', '체형개선', '운동', 'shorts']",193회,6개월 전
507,"['거북목', '스트레칭', 'feat.', '머리굽힘운동', 'PART', '1', 'shorts']",191회,2개월 전
508,"['두통,', '목통증,', '거북목', '교정', '루틴', '셀프마사지편', '두통', '1편']",205회,1개월 전
509,"['누구나', '쉽게', '할', '수', '있는', '초간단', '거북목', '운동', '게임유튜버가', '좋아하는', '초간단홈트', 'shorts']",185회,4개월 전
510,"['거북목을', '위한', '운동', '솔루션', 'shorts']",185회,3개월 전
511,"['거북목', '라운드숄더', ""'으쓱'"", '슈러그하세요']",187회,6개월 전
512,"['목', '아플', '때', '좋은', '운동-뒤통수', '근육', '풀기', '일자목', '거북목']",174회,2년 전
513,"['거북목', '교정운동', 'BEST3', '거북목', '교정', 'I목통증', 'I', '어깨통증']",177회,4개월 전
514,"['지지넥', 'TV', 'CF', '30s_IPTV광고', '거북목', '교정기']",181회,1개월 전
516,"['SNPE초보', '말린어깨,', '거북목인', '사람', '꼭', '보기', '웨이브베개사용법']",151회,8일 전
517,"['거북목', '무시하다간', '죽을', '수도', '있다', 'Shorts']",203회,2일 전
518,"['거북목', '탈출', '프로젝트', '풀업', '50회', '도전15']",108회,8시간 전
520,"['마사지', '전문가', '동주쌤', '직장인', '목.어깨', '스포츠', '마사지', '테크닉', '영상']",67회,2주 전
522,"['쉽게하는', '폼롤러', '교정', '운동.목어깨등', '통증완화,거북목', '일자목', '라운드숄더', '굽은등', '교정운동.폼롤러', '스트레칭']",38회,10시간 전
523,"['거북목을', '위한', '운동', '솔루션', 'shorts']",53회,1일 전
524,"['동작이..', '좀', '추해', '보일', '수', '있는데..', '갠차나', '갠차나😎', '목', '통증만', '보내버리면', '되지', '뀨', '한', '번', '해볼래요']",60회,9시간 전
525,"['딱', '5분', '거북목,', '라운드숄더', '있다면', '이', '운동', '바로', '하셔야', '합니다', '일자목,', '거북목,', '굽은등', '스트레칭', '교정운동']",28회,1일 전
526,"['안마원', '원장이', '전하는', '거북목', '허리', '단계별', '교정', '25']",20회,1일 전
527,"['거북목', '1분', '정리']",48회,1일 전
528,"['거북목이신', '분들', '모두', '집중하셔야', '합니다']",4회,13시간 전
529,"['호흡이', '답답하거나', '등이', '뻐근할', '때', 'shorts', '굽은등', '거북목교정', '피티원압구정']",29회,7시간 전
530,"['밴드를', '활용한', '거북목', '교정', '운동', 'feat.', 'breaststroke', 'prep']",없음,1일 전
531,"['거북', '목', '굽은', '등', '이젠', '하채까지', 'shorts']",없음,3일 전
532,"['어깨말림,', '거북목,', '체력문제', '말끔하게', '해결', '-', '182번째', '회원님', '고객후기', '인터뷰']",없음,18시간 전
533,"['전문가', '운동처방', '🔥거북목', '예방🔥', '상체', '스트레칭', '아침', '저녁으로', '꼭', '하세요']",없음,2일 전
