,아이디,댓글 내용,댓글 시간
0,  서울아산병원,[타임라인] 00:00 인트로00:41 요통은 왜 생기나요?03:33 허리 통증이 있을 때는 어떤 치료를 받나요?06:34 허리 디스크란?11:34 척추관 협착증이란?22:54 골다공증25:05 건강한 척추를 위한 바른 자세와 운동34:15 정리,1개월 전
1,  뭐요,학생 때부터 허리가 자주 아파 정형외과를 자주 갔는데 물리치료만 받다 끝났습니다. 최근에는 한 쪽 다리가 저려 새로운 정형외과에 갔더니 증상 설명해주시고 주사를 놔주더라구요. 주사맞고 허리통증이 엄청 줄어서 행복해요덕분에 디스크 관련 영상도 찾아보게 되었는데 설명을 너무 잘해주셔서 이해가 잘 되었습니다.바른 자세 유지하면서 허리 건강에 신경쓰려구요.,6개월 전
2,  소호 couple,솔직한 교수님 강의 감명받았습니다.,4개월 전
3,  몬테조,최고로 좋은 강의입니다,2개월 전
4,  qianjin li,상세하게 설명 감사합니다,1개월 전
5,  Gim금샘,감사합니다 유익한 강의 잘 시청했습니다.,2개월 전(수정됨)
6,  민들레민들레,선생님  좋 은말씀  너무잘 들엇읍니다자세하게 말 씀해주서셔 귀에 쏘옥듵들어  옵니다감사합니다,1개월 전
7,  미쭈찌,허리 디스크로 통증이 있는데 영상이 많은 도움이 되었습니다.,5개월 전
8,  J R,설명이 명료하고 진실성이 느꺼져 감사합니다.  !!!,2년 전
9,  장세영 1,좋은 강의 감사드립니다~!!,4년 전
10,  sam Pak,서울 아산병원 감사합니다 영상 진짜 좋아요,4개월 전
11,  봉선화민들레,"일목요연하게 정리를 하셔서 자세하게 알려주신 강의영상 너무나 감사드립니다. 시술 전에 봤더라면 얼마나 좋았을까 하는 아쉬움으로 봤습니다 ㅠㅠ너무 건강하게 살다가 어느날 엉치와 다리 쪽이 당기더라구요. 주사요법과 약물 치료를 했으나 호전이 안 되어 병원을 찾았고 MRI를 보니 3,4번은 아주 조금 디스크가 나와있고 5번은 선생님께서 보여주신 영상에서처럼 좀 많이 나와서 시술을 받게 되어 지금 10일 째입니다. 그런데 아직 누워있으면 통증이 전혀 없는데 서거나 앉기만 하면 엉치부터 종아리까지 통증이 서서히 생깁니다. 병원에서는 수술을 하자, 수술을 해야 통증이 없어진다해서 조금 더 견뎌본다고 했습니다. 정말 시술한지 얼마 안 되었는데 또 다시 수술을 해야할까요?MRI상으로 봤을 때 그렇게 심하지 않던데 ....지푸라기라도 잡는 심정으로 글을 남깁니다 ~~",1년 전(수정됨)
12,  이현주,"허리에 관한 책 추천합니다. <몸을 돌아보는 시간>-오랜 의자노동자의 허리병 치료기-허리가 아프면 모두 허리 디스크?-당일 퇴원 시술과 대학병원 수술의 차이?-실비보험만 믿고 시술을 하면 안 되는 이유?-수술은 언제 하는 것이 좋은가?-퇴원 후 어디로 갈 것인가? 집인가, 재활병원인가?-자연치유는 가능한가?-환자의 알 권리, 물을 권리-의사와 환자 가족들이 생각해 보아야 할 점들",3개월 전
13,  올바른세상,너무 만족스러운 강의입니다감사합니다잘살천하겠습니다,3년 전
14,  MY KIM,감사합니다,7개월 전
15,  치주과전문의 닥터잇몸짱,치과진료하면 허리가많이 아픈데..잘배우고갑니다,1년 전
16,  김선규,같은  정형외과의사로써 환자에게 큰도움 되는  훌륭한 강의다.그리고 근골격을 정통으로 보는곳은  정형외과라는것을 환자들이 알고 계시길 바란다,3년 전
17,  농사남 : 농구를사랑한남자,서울아산병원 감사합니다 영상올려주셔서!,10개월 전
18,  박현옥♡채널,"자세한 설명이 참으ㅡ로 친근하게 느껴집니다감사합니다쌤~좋은 결과를 기대 할께요,내일 예약이 있거던요",4년 전
19,  김유정,저는 허리통증을 5년간 앓다가 허리디스크 수술 1번 협착증 수술 1번 한 30대 여성입니다. 그럼에도 불구하고 치료가 되지않아 많이 힘든중에 통증완화연구소 이승재원장님한테 교육받고나서 완치됬습니다. 정말 귀인을 만나서 너무 감사했었습니다,11개월 전
20,  이옥희,자기 관리가 아주 중요하네요,1년 전
21,  이채연,척추 총정리 해주신것 같아요 직접 진료 받는것 보다 더 진실하게 해주십니다 여러 동영상 들었지만 이것보다 더 좋을순없어요 넘 감사합니다,2년 전
22,  용튜브,못일어날 만큼 통증이 심해서 허리 시술 받고 통증은 하루만에 좋아졌는데 다리가 땡겨요..영상을 봤더라면 시술은 안받았을텐데,3년 전
23,  최윤정  카라,선생님~감사합니다,2년 전(수정됨)
24,  Nice Guy,진심 설명 대박,4년 전
25,  정화현우,추간판탈출증 환잔데 5년 고생하다 15일전에 고주파 검압시술 했어요~~!!하루 입원해서 허리주사 4번 더맞고 퇴원해서 요즘 재활 하는데 많이 좋아지긴 했는데 아직 우측 다리 되태부 발가락 감각이 50%정도 돌아왔는데 시술전엔 저림 현상과 땜김 현상으로 걷는것도 힘드고 그랬는데 완치될수 있을까요  아시는 분들 팁 좀 부탁합니다,4년 전
26,  미쓰심,진짜 간결하게 설명해주시고 멋지세용 큰도움 받고갑니당,2년 전
27,  좋은피부,좋은영상 감사합니다.,4년 전
28,  최진희,감사합니다!허리가왜아픈건지 어떻게 치료해야 하는건지 우리동네 의사선생님은 말을안해줘서 답답했는데알려주셔서 감사합니다!,2년 전
29,  김석자,고맙습니다강희잘들었읍니다다음에도또강희해주세요,2년 전
30,  정민,"말씀 너무 잘하신다,,,",3년 전
31,  최혁,역시 전문가분들은 알기쉽게 설명하심. 사기꾼들이나 복잡하게 설명하지,6개월 전
32,  향기로운추억,안녕하세요 허리 디스크 시술을 힘들게 받았습니다그래도엉덩이부터 종아리까지 통증이 심합니다어떡게 해야 하는지요너무 아픔니다,1개월 전
33,  최윤정  카라,조재환 교수님정말  믿음이 가네요~~감사합니다 ♡,2년 전(수정됨)
34,  투민아빠,저는  골반부터  허벅지  종아리 통증이  심해요   특히  아침에  걷지못할  정도로심합니다  어떤  치료를  해야할까요? 답변 좀 부탁드립니다  신경외과에서  약받아 먹는데  효과가 없어요,3년 전(수정됨)
35,  청소해,말씀에 모든 것이 들어있네요,2년 전
36,  아삽 ASAP 코딩 As Soon As Possible 랩뷰 LabVIEW,좋은 영상이네요. 척추 전문병원갔더니 mri찍고 바로 디스크라고 수술하고 가라고 하더군요. 그냥나와서 운동열심히 하고 있어요. 1-2주 정도 지나니 미칠듯한 통증은 사라졌어요. 지금은 당기는 통증으로 유연성이 없어 여전히 운동중이에요. 통증에 따라 적당한 운동하면 하루하루 나아지는게 느껴집니다.,4년 전
37,  이제니,"진통제 부작용 이 심함니다, 많이붓고. 지금은 주사치료만 하고 있어요",3년 전
38,  원춘화,허리도 너무아프고 다리가 시렵고저리고 수십년을고생 하다가 지인의소개로 강남 굉해병원에서 시술받고 부터 다시태어난것 처럼. 많이좋아졌어요.원장님 참고맙습니다.,4년 전
39,  느낌아니까,수술하기전에 봤어야 되는건데  잘보고 갑니다,3년 전
40,  물처럼 흐르는 삶,조재환 교수님 명강의  입니다,2년 전
41,  김영기 2,속이시원하게잘하시네요,5년 전
42,  ᄂᄋ*,쵝오~,3년 전
43,  농사남 : 농구를사랑한남자,마비증상시 선택적 수술 : 풋드랍(족하수),10개월 전(수정됨)
44,  유경실,뼈 주사 많이 아픈가요?  맞아본분 답글좀 해주세요 ㅠ,3년 전
45,  김초롱이,누워..배영..하면~~척추뼈..S라인되고~튼튼해 지는건데,3개월 전
46,  Jongtae Park,최고입니다 .,2년 전
47,  김미경,협착증은 수영이 안좋죠?,2년 전
48,  불꽃남자,지금까지 들은 허리디스크 관련 제일 속 시원하게 강의해주셔서 감사합니다.,2년 전
49,  변명순,강이잘 들어읍니다도웁  만히 데게읍니다고마워요,2년 전
50,  김경정,좋은 강의에 감사를 드립니다.,3년 전
51,  우돌월드,너무 도움이 많이 되는 영상이네여 ㅎㅎ 궁금증과 마음 안정이 생겼습니다감사합니다,3년 전
52,  조국대통령만들기운동본부,추간판 파열로 누웠다 일어나면 극심한 방사통에 밤에 잠자기가 겁이나서 서서잠자는 사람입니다 45도 각도로 비스듬히 서서 자고 일어나면 방사통이 확실히 덜합디다 한달째 이러고 잠을 자고 있네요 ㅋㅋ 낮에는 걷고 스트레칭정도 가볍게 운동하며 별 통증없이 지내고 있습니다 되도록 시술 수술 하지 않으려 합니다 아침에 일어나면 심한 방사통있으신분들 서서주무시길 권장합니다 ㅋㅋ,2년 전
53,  영자 원,유익한 정보 감사드립니다~^^,1년 전
54,  박지환,허리디스크 척추 전방전위증 척추 분리증 꼬리뼈 골절 이런 18살 있을까요?,3년 전
55,  Le5 SONny,정말 감사합니다,1년 전
56,  JJJSSS AAA,1. 체중감소2. 적당한 운동3. 자세유지.자세 교정만 해도 빛을 봅니다,2년 전
57,  gold,"디스크 ,  추간판 탈출증은. . 정말 아파본사람이알죠ㅠㅠ 운동 및 바른자세 평생 관리해서 행복하게살아요 우리ㅠ",5년 전
58,  김숙자,좋은강연 감사합니다,2년 전
59,  김인우,치료는 허리가 안아프게 하는 치료가 제일 시급함 수술방법은 안아프게하는 수술하면 성공입니다저는 허준 드라마 본사람입니다,2년 전
60,  IN CHOE,자세가 제일 중요하고 임시로는 기능성 등받이'리드백'을 사용해 보는것도 좋지요,2년 전
61,  So Ha,진통소염제는 구체적으로 어떤걸 복ㅇ할수있나요?한국이 아니라서 병원갈수있는형편이아니라서 어떤성분의 약인지 알려주시면 감사드리겠습니다,3년 전
62,  정미자,먹고싶은것 자유롭게 먹으면서 요요현상없는 다이어트 하세요장난감총알을신발에넣어 신고다니면 다이어트 성공해요 허리통증도 치료되구요 나이는56세 인데 허리는 25인치예요,3년 전
63,  H7 : 체형교정사 이건호,쉽고 좋은 내용 너무 감사합니다 ^^사람들이 자주 찾아보는데는 다 이유가 있군요..ㅎ 많은 정보 얻고 갑니다 감사합니다 ^^,1년 전
64,  Nawal Nawaaal,المشكلة ابغ ترجمة للعربية لهاده المحاضرة,1년 전
65,  도도링키,영상을 두번이나 달게 보았습니다.좋은 강연 감사합니다25:06 건강한 척추를 위한 바른자세와 운동,3년 전(수정됨)
66,  박경현,쌤 최고예요,1년 전
67,  정현주,참고  하겠습니다~~~,4년 전
68,  고태희,멋지십니다.곳곳에 히포크라테스 선서의 기본에 충실함이 느껴집니다응원합니다^^,4년 전
69,  Zayden Ahn,즐감했습니다^^고맙습니다,2년 전
70,  Jae Moon,안겪어 보면 진짜 저 고통 모르지...다리가 터져버릴것 같음~~~,6년 전
71,  SaudiLife TV,이렇게 유익한 컨텐츠의 영상을 유튜브로보다니.. 감사합니다,4년 전(수정됨)
72,  데니스창,다리의 뿌리는 허리라서 디스크 있으면 노동은 불가 합니다.건강 했을때 지키는 길 밖에 없네요.완치는 없습니다.,4년 전
73,  박섭이,선생님 좋은정보감사합니다,3년 전
74,  워터맨,도수치료가 도움이되나요?,1년 전
75,  신유현,엉덩이가  너무 아팠는데  선생님말씀이 공감되네요  감사합니다,1년 전
76,  진달래,영상 잘봤읍니다설명을 귀에쏘옥들어잘하시네요 ~덕분에좋은정보 잘봤어요,2년 전
77,  번개피카츄,디스크파열되서 레이저내시경시술한지 딱6개월됬네요 오히려 허리숙일때 뒷다리땡기는건 한창 아팠을때보다 더 잘 느껴지는거같아요ㅠㅠ 가끔씩 까먹고 물건주우려고 허리숙일때 뒷허벅지 신경이 순간적으로 찌잉하면서 당기는느낌이 드는데 정말 스트레스 받더군요 그게 반복되다 보니 이젠 웬만해선 허리를 굽히지 않게되더라구요 6개월이 지나도 다리가 땡기니 참... (세수할때 그정도 굽히는거 정도는 땡기는느낌은 안듬) 참고로 허리통증은 내시경시술전보다 나아지긴했는데 다리 땡김이 여전히 문제네요 ct를 찍어봤는데 재발도 안되고 신경압박도 없다고 하니 참 답답할따름,2년 전
78,  허안나,환자 입장에서 자세한 설명 정말 감사합니다궁금정~~속 시원하게 잘들었습니다~~명강의  최고입니다,2년 전(수정됨)
79,  bling,8개월째인데요 왜 안낫는건지모르겠어요ㅠ요추었는데ㅠㅠ,11개월 전
80,  김차카니,잘 설명해 주셔서 감사합니다 저도 디스크환자인데 거의10년고생중인데 치료하면 좀나아졌다 또 재발하기도하고 그럭저럭 지내는데 병원다녀도 잘낫질않아  근육 키우는 운동하고 있습니다,2년 전
81,  구홍자,강의  세밀하게 해주셔서도움 되었 습니다~감사합니다,4년 전
82,  최성미,의사  들이   정말미워요,2년 전
83,  박정분,허리 아푸면서부터 키도 한3센지정도 자가졌습니다 수술을 하면은 키도  정상으로 돌아오나요!!,1년 전
84,  윤정해,좋은정보   감사합니다,1년 전
85,  P Daniel,환자로써 방문한다면 궁금했던 점이 해결되는 영상이네요. 설명도 너무 좋고 이해도 잘되고 ,3년 전
86,  skdkdks lsodo,저도 한쪽다리마비까지 왔었는데 첫번째 병원은 진짜 찜질치료만 해주더라구요 그래서 병원 옮겨가지고 찜질말고 다른 치료 해달라 했더니 허리인가 목인가 기억이 안나는데 추달아가지고 척추 늘리는 치료 5번 받으니깐 걸을 수 있게됐었어요. 초기에 빨리 잡아야할거같아요 무조건 수술이 답이 아닙니다 한쪽다리 완전마비에서 완치되는데 치료비 한3만얼마들었나싶네요,2년 전(수정됨)
87,  최미자,허리가 트러진증상은 어덕해야 데나요,5년 전
88,  동탄무다리,최고입니다 확실하네요,6년 전
89,  권감각,와 내 얘기인 줄.....ㅠㅠ,3년 전
90,  비타민민,목소리 진짜 듣기좋네요ㅎㅎ굿굿,1년 전
91,  국밥 트레이더,"지금까지 본 수십까지 디스크, 건강 영상중 가장 맘에 든다1. 목소리와 말투, 목소리,2. 환자가 궁금해하거나 햇갈릴수 있는 것들3. 너무나도 자세하고 속 시원한 설명완벽합니다",5년 전
92,  푸른하늘,진실한의사선생님이시네요,2년 전
93,  a b,스테로이드 주사맞고나서 수영으로 15키로 감량하고 근력운동도해서 광명 찾았어요ㅋㅋ허리통증 전혀 없네염 근데 저 요가하다가 디스크 터졌어요ㅋㅋㅋ,3년 전(수정됨)
94,  백화자,감사합니다,2년 전
95,  띠시왕,허리때문에 너무 고통스럽습니다 처음엔 디스크로 시작됐는데 지금은 협착증도있고 수술만 3번 받았어요 13년 넘게 이렇게 살다보니 마음의 병도 생기고 여러번 나쁜 생각도 했어요 강력한 마약성 진통제에 의존해서 살고 있습니다 용량이 굉장히 높아서 걱정입니다 타진 60미리에 아이알코돈10미리 하루 6알 등 여러가지 약을 먹고있어요 언제까지 이렇게 살아야는지 막막합니다 양한방 안받아본 치료가 없어요 이젠 포기했습니다 뭘 해도 도움이 안되는데 난 왜 이런 몸으로 태어난건지 너무 괴롭습니다,2년 전
96,  블래싱hfd,"쌤~진정성 있는 목소리와맘으로 솔직하게 아낌없이,귀한 정보 알려주시셔 맘 다해 감사합니다^^ 갑자기 지난 주부터 허리통증이 있어 넘 겁났는데....강의 듣고나니 맘이놓이네요~넘흐 마니 도움 얻어 갑니다~ㅎㅎ축복합니다!!",1년 전
97,  문서은,난 척추측만이 심하네요. . . . . . . .바른 자세로  않지안고  삐뚤어지게   소파에 앉아요. .  누어서도 앉아요. .   척추측만이 심하나요. . . .   . . .  이렇게 앉으면,4년 전
98,  Kyung Cho,그 뼈주사맞으면 마지막남은 연골 마져 다녹아없어집니다.,3년 전
99,  Oo Oo,피티 ㄱ받고 갑자기 허리가 너무너무 아파서 한의원 다니고 있었어요. 괜찮겠지 했지만 한 열흘동안 꾸준히 아프니 맘이 엄청 불안해져서 결국 유튜브까지 찾아보는데 너무너무 감사합니다. 앞으로 치료도 운동도 과하지 않게 하겠지만 맘이 안정되요. 감사해요,2년 전
100,  Sosin,지금 이걸 보는 내가 죽을것같음 관리 운동으로 나을수 있을까ㅠㅠㅠㅠㅠ,2년 전
101,  마음먹기인생은,건강한허리 자세와 운동 25:00 25:00 25:00 25:00 25:00 25:00 25:00 25:00 25:00 25:00 25:00 25:00,2년 전(수정됨)
102,  Young.s h,명강의 잘들었습니다 감사합니다,1년 전
103,  프로그,진짜큰사고아니면 수술 안하고도 조심해서 무거운거 함부로안들고 운동하세요  대부분 자가치유됩니다  젊은사람들 수술함부로하면 평생후화할수잇음,1개월 전
104,  구구구구,중고등학교때부터 책상에 있을때 하루종일 양반다리로 앉아있었는데...,1년 전(수정됨)
105,  9 hee,운동을할때마다 요통이랑 다리저림으로 병원와서 도수치료 물리치료받는데 병원에서는 운동을 쉬라고 하는데 어떤운동해야하나요 ㅜㅜ그동안했던게 요가ㅜ필라테스 지금은 간단한 유산소운동하고있어요,2년 전
106,  희야,이 선생님. 이름 이 아시는분. ?......아산병원에 계시나요?...? 누구신가요,3년 전(수정됨)
107,  꼬망이엄마,솔직하게 다 말해주시네요ㅎㅎ,3년 전
108,  Chloe,허리가 아파서 병원에 갔는데도 이상이 없다고 하네요.. 뭐가 문제일까요ㅜㅜ,2년 전
109,  가즤아!,진심 명쾌한 강의입니다.쉽게 설명해주시고 무엇보다 논리적이여서 너무 마음에 듭니다.이 영상은 널리퍼져 전세계 사람들이봤으면 하는 바램입니다.선생님 노고에 박수를 보냅니다감사합니다,3년 전
110,  그래도 아름다운 세상,"와.... 조재환 의사선생님,  설명도 알아듣기 쉽게 너무 잘하시네요. 평소 궁금했던 거였는데 병원가면 의사선생님들은 다 너무 바빠서 이렇게 세세한 얘기를 환자들에게 해줄 시간이 없어요.  그러면 아파서 간 사람은 기분이 상하고 ... 내가  5분 의사선생님 얼굴 보려고 한달 집에서 기다리고 병원에서 1시간 넘게 앉아서 기다렸나 하는 생각이 들어 허무하기까지 하니까요.유익하고 잘 정돈된 설명 감사합니다.",2년 전
111,  Blaine Sheehan,좋은정보 감사합니다.,2년 전
112,  이기홍,"아주 사실적이고 현실에 합당한 산뜻한 설명 같아 환자 입장에서마음으로 감사 드림니다.서울 대형병원 경험 많은 몇분의 의사선생님께 진료를 받아 봤지만,시력이 맹인 수준인것 같아서 깜작놀랐다. 이유는? 환자의 고통과 아픔을 보지 못 하고 환자를 돈으로보는것 같아서 히포크라테스가 하늘에서 보고 웃고 있지 않을까?라고 생각 하며 신뢰는 물론 존경심이 달아났다.우리나라 모든 곳이 신세대로 바뀌어야 그때쯤 선진국 수준의모습으로 바뀌지 않을까? 개인적으로 생각 해 본다 지금 영상으로는 나이를 말수 없지만젊은 사람다운 상큼하고 신선한 느낌이 들어 그래도 믿을수 있는 의사선생님들도 계시구나 하고 안심이 되고 위로가 된다.노련한 의술도 중요 하지만 환자의고통을 볼수 있는 의술이 되시기를...감사합니다",3년 전
113,  이순근,자세한설명  감사합니다,1년 전
114,  인경,윌리엄운동은 정성적인 사람에게 도움이되지만 디스크 환자에게는 추간판 탈출을 유도하여 좋지 않습니다.,5년 전
115,  김선영,좋은강연 감사합니다~^^,1년 전
116,  Heejin Chang,허리근육운동,4년 전
117,  승철유,좋은 정보 감사합니다 ~,1년 전
118,  권오민,수술후골반잊쥐어짜드시아프내요,1년 전
119,  김영희,자세한 설명이 귀에 쏙쏙 들어오네요 감사합니다 항상 응원합니다 행복하세요 ~♡,1년 전
120,  엘리건트,디스크로 고생중인데 명쾌합니다ㅎㅎ,6년 전
121,  이제니,신경시술경과에도 효과가 없어요..,3년 전
122,  양애숙,선생님~귀한정보 너무나 감사합니다2주째 허리아파서고생하고있는데요수술해야되는거아닌가무진장 걱정했어요진통제먹으면서 서서히좋아질것을생각하면서많이기쁩니다정말감사합니다~~선생님을  주님의이름으로축복합니다~~*,1년 전
123,  정한둥,그래서 거꾸리가 좋나요 안좋나요? 뒤에 말씀주신다하면서 안해주신거 꽤 많네요ㅜㅜ,3년 전
124,  쿵스,PPT 잘하시네요!,2년 전
125,  이현희1,허리통증은 골반이 틀어져서 생깁니다.골반이 틀어지는 원인은 골반을 싸고있는 근육이 굳어서 수축을 시키므로 틀어집니다.굳은 근육은 골프공으로 세게 누르면서 풀어야 합니다.그러면 허리디스크도 잘 낫습니다.,2년 전
126,  해바라기,허리통증ㅠㅠ  고통,3년 전
127,  안광희,오..이렇게 좋은 강의를 이제야 보네요너무 감사합니다.알기 쉽게 그러면서도 전문적인 설명을 너무 잘 해주시네요...짝짝짝..^^~  큰 도움 됩니다.^^  많이 배웠습니다.,1년 전(수정됨)
128,  ZON,제가 4달전에 무리하게 무거운 물건을 나르는 알바를 4일정도 하다가 집에 딱오는 순간부터 허리가 너무 아파서 2주정도 최대한 안움직이고 누워있었는데 그래도 너무 아파서 한의원가서 침 맞고 병원가서 주사를 맞아서 조금 나아져서 그만히 뒀는데 지금은 앉아서 다리를 피는개 너무 힘들어요 꼬리뼈랑 허벅지 뒷쪽이 너무 땡겨서 앉아서 다리를 필수가 없어요 제가 허리 다치기 전에는 남자치고 유연한 편이었는데 허리다치고 이것도 못하니 진짜 뭔가 큰일이 난거 같아요..허리에서 꼬리뼈로 내려왔는데 어떤 치료를 받아야할지.. 걱정이네요,1년 전
129,  박종수,백번좋은 소리알겠고요수술성공사례수술실폐사례를 환자와함께 대담하시는게 효과적이지안을까요,2년 전
130,  슈아Shua,전 어린데 너무 아파요..,3년 전
131,  ᄅᄆᄂᄋᄅ,"스트레칭 중에 구부리는 스트레칭, 윗몸일으키기 운동, 사이클은 절대 하면 않되는 운동 아닌가요?",1년 전
132,  도운성,자세한 설명 광범위한 허리통증에 대해 간결하게 귀에. 쏙쏙 이해가 잘 되는 설명이십니다허리 통증  ㅠㅠ안껶어보면. 모릅니다 ㅠ협착과 전방위증해외살이 하느라 제대로 치료 못받고 이제 귀국해서 치료 제대로 받고자통증이 항상4~5있어약 치료 주사치료 2주마다 7회정도 맞아봤자 통증이 무뎌질뿐 낮지를 않고 2개월 못가 다시 주사 7회전후..티비에 나와 친절 인상좋은 의사쌤논현동 다녀봐도 종합병원 의사쌤보다도 더짧게 환자 눈도 마주치지 않고어때요? 그저그렇다 답하면주사맞고가세요~ 끝 ㅠ더 해보고 안되면 시술하잔 말에다시 종합병원 진료 갔어요수술이던 시술이던 제대로 해 보려고요오랜 세월 무뎌지고 당연한줄 알고 지내 왔지만갑자기 거짓말 처럼 앉고 서고 못하고세면대 수도꼭지 켜려고 손을 내 밀지도 못합니다옆에서 보는 옆지긴 또 아픈가 보다 하고 쉬라고 하지만 7~15일 동안 못 움직이고 있다보면 삶의 질이 너무 떨어집니다저도 10년 넘게 이런식 반복 하다가 이젠 수술을 하려고 맘 먹었습니다,2년 전(수정됨)
133,  박금순,오늘알려주신운동하고좋아지면 시간이아무리 잛아도  괜찮습니다  아튼수고하셨고요감사합니다   교수님만나 뵌다는게너무영광스러웠습니다,1년 전
134,  김금샘,감사합니다 교수님!정말 필요한 강의였습니다~현실적으로 무척 필요한 강의를 제공해 주신 아산병원에도 감사드립니다!^^*,1년 전
135,  k k,이영상은 대부분의 의사나 디스크관리사들 싫어하는 영상입니다 ㅎㅎ,2년 전
136,  타선생님,아우 욕나와 20대에 허리 존나 아파서 이 영상 보고 있네... 30분만 서있어도 정강이랑 발목이랑 허리가 미친듯이 아픔... 진짜 건강이 최고다,1년 전
137,  들들,의사들은 맞춤법 같은건 되게 관심 없는듯..ㅋㅋ 되 돼 구분도 안되고 ㅠ,4년 전
138,  맘의 평화,좋은 방송 감사합니다 짝짝짝,1년 전
139,  하요,전 학생인데 무릎이 먼저 아프다가 고관절 아파지고 지금은 허리도 아프네요ㅠㅠ,1년 전
140,  a lyq,실내싸이클도 괜찮은가요?,4년 전
141,  김인순,감사합니다^^예방과 유연한 운동 예방법까지 설명 도움됩니다·,1년 전
142,  K9,최고의 허리강의,4년 전
143,  김신비,저도 흘러나와서 신경을누르고있어서 허리통증은없는데..엉치부터 종아리까지 너무아파요ㅠㅠ앉아도 걸어도 저리고 땡기고 뜨거워지는듯한느낌들면서 내살이 아닌것같은느낌ㅠㅠ1달반동안 정형외과에서 주사랑(신경차단주사.인대강화주사) 약먹고(소염진통.신경진통?) 도수치료도했는데 통증이 똑같아서 한의원에서 한약(혈액순환과 허리근육강화되는한약)먹고 침(약침.벌침)맞은지2주째됐는데..아직도 그대로인데..수술을 해야하나요?ㅠㅠ일도못하고 미치겠네요...,3년 전(수정됨)
144,  동구람히,좋은 정보 감사합니다. 슨생님,2년 전
145,  kim jennie,허리에 쓸데없는 병원에 주사에 치료 다 받았는데도 명확하게 답을 받은 곳이 없어요. 서울아산병원으로 가야할까요ㅠㅠ,6개월 전
146,  keehwan park,조교수님   감사합니다,2년 전
147,  강민석,다른병원에서 진료 받고 수술앞까지 갔다가.. 찾아건 아산병원에서 선생님이 만류하셨죠. 젊은 나이에 수술하지말고 운동으로 치료해보라고.선생님 말대로 운동을 했고 재활도 했습니다.통증이 없는건 아니지만 그래도 통증이 전보단 훨씬 줄었어요. 앞으로 계속 관리할게요..통증이 사라지는 그날까지요,5년 전
148,  최준우,댓글 볼라니까 죄다 띄어쓰기 안 돼있고 맞춤법 다 틀려서 뭔 소리 하는지 네 번씩 읽어봐야 되네ㅡㅡ,4년 전
149,  오영도,허리에 관한 전체적인 요점을 잘 인지한 시간이었습니다. 8년째 허리디스크4ㆍ5 있는 상태에서 매년 수시로 허리통증이 와서 꼼짝 못하는 상태로 실려가 대소변도 기저귀에 해결하며(이것도 힘듦) 진통소염제와 근육이완제로 4주정도 누워만 있는 상태로 치료 받으면 서서히 조금씩 도움받아 침대에서 일어나 1~2분 서있는 걸로  시작해 걷기 연습을 천천히 하면 걷게 되었을 때 퇴원하는 생활을 반복하고 있습니다. 살림도 남편이 하구요.다리 당김 절임 같은 건 없는데 병원 실려갈 때 통증에 몸이 굳어서 팔과 머리만 움직일 수 있는 상태죠.그래서 통증 발생시 두려움과 불안에 자꾸 쇼크가 오고.수 년째 이런 현상으로 우울증까지 와서 정말 힘든 시간 삶의 질이 떨어진 시간 보내고 있습니다. ,3년 전
150,  박영순,신경성형술  했는데 여전히 허리가 너무아파요 4개월전에 했는데 여전히 통증병원에서 주사맞아요 연락부탁해요,2년 전
151,  rr aldo,운동은 이렇게 31:52,3년 전(수정됨)
152,  노가다,저  달리기(마라톤)하다가 디스크터졌는디ㅜ 문제가뭘까요,3년 전
153,  박금순,1년이상 기다리다가 오늘만나뵙었는데 진료시간이 너무짧아요 무론 다른횐자들때문에그러신줄은알지만 그래도 내가 몆분이라고 말할순없지만  너무  짧아요,1년 전
154,  이종호,좋아요,2년 전
155,  장봉익,40대 후반에 한달전부터 왼쪽 옆구리와 엉덩뼈  통증!!으로 진료 중입니다허리 통증에 대한 진단과 치료  예방에 대해 귀한 정보 감사드립니다!!,1년 전
156,  아즈아즈아즈아,그러면 바닥에 앉을때 어떻게 앉으시나요??,1년 전
157,  김길임,고관절증상알려주세요,1년 전
158,  Sosin,엉치가 ㅈㄴ 아프다 누울때도 심지어 누워있어또 지금 걷지도 못하겠다 하........,2년 전
159,  최말순,척추에대해자세히알려주셨어감사합니다~,1년 전
160,  aria aria,제가 좀 선생님유튜브를빨리 보았어야는데 8월초에현대아산병원 전화콜 안내하는분이잘못예약해주셔서재활의학과가서진료비만날리고또다시예약신경외과8월 넷째주에 ㄴㅇㅇ선생님 한테  진료 받았는데딱2분 설명 제앞에 진료받은어떤할아버지는 진료15분도 넘었고전 빽없으니 딱2분요그리고신경외과  ㄴㅇㅇ  선생님 왈>>>>수술 받을때가 아니니깐 약처방 하는거 먹고버티라는 말씀  약처방 해서 먹었지만 이틀 먹고 아무 효과 없어서  약이 잠자고 있내요20일만에 예약해서  병원갔는데 진료2분에 약도 효과없어 약들고 다른정형외과에 문의했는데이약은 관절 약이내요 해서 참 어이없슴전 허리디스크4 .5번 이고 허리는않아프고 다리로 내려와서다리가 아파요MRI까지 가주고가서진료받았는데 어떻게 관절치료약을처방해주셨는지모르겠내요ㅜㅜㅜ종합병원 의사쌤 이라고 해서모두 실력있는건 아니더라구요 ㅠ헌대아산병원갔다온후로 동네 정형병원 재활의학과 통증의학과16군데 다녀보니  2군데서 수술권했는데 않하고 척추 의료 신발 사서 신고 올바로 1시간씩 걸으며 철봉매달리기 하고 지금 70%호전 되가고 있습니다올바로 허리펴고 걷기가좋은듯 합니다,5년 전(수정됨)
161,  이순이,영상 잘봤습니다  교수님 예약 대기중환자 입니다,1년 전
162,  tv아아아아ᅡ,왼쪽허리가 아픈데 왼쪽 허벅지 뒷근육도 당기는데......,2년 전
163,  10년코모리,ㅠㅠ내허리왜이래......너무아프다정말..........ㅠ,2년 전
164,  Master Arshad Bhai,나는 그것을 아주 많이 좋아,2년 전
165,  cykim12,걷기 최고?,3년 전
166,  Duuck koon Chung,고려수지침 치료하세요..효과가 대단히.....,5년 전
167,  디아heaven,디스크 3분이면 다 고쳐요 당신네 의사들 일부 무식한 처방에 2년동안 개고생한거 생각하면 아직도 빡을 칩니다,4년 전
168,  aria aria,결론은 않낳으면수술이내요?외?아직도 한국은 디스크를 수술로 가야하는건지!!!!!박사님들은 디스크연구를  공부하고 있는건지 ?않하는건지?디스크 공부를 많이 좀해서 수술 않하고 완치된다는 논문을  쓸수는 없는건가요?요즘 늘어나는게 정형외과다 수술 시켜야 돈 왕창벌고 수술 해서 아예 걷지도 못하게 사람 바보 만들고ᆢ ㅠ,5년 전(수정됨)
169,  신유현,선생님 병원위치가  어디신가요?진료한번만  받고싶네요~^^,1년 전
170,  JS A,s대 병원  어떤  의사분은 운동 하지 말라는 분도 있던데...참 이해가 안가는 처방을 하던데요,2년 전
171,  김정희,저두 얼마전에 왼쪽 엉치.왼쪽다리가 너무 아파서 병원갓드니.mri검사후 허리디스크.협착이라고 하시길래 의사셈 바로 수술권유하시드라구요..어찌할지 모르겠어요ᆢ,2년 전
172,  이재유,교통사고 골반골절 치골장골등등 골절다리발목골절 어깨 인대파열 늑골 다발성골절허리가 계속아파요뭘 해야합니까,2년 전
173,  이예인,감사합니다...^^~,6년 전
174,  이웃집 루시,"목디스크, 허리디스크 환자입니다. 치료방법 알려드립니다. 정선근교수님 영상 및 책 보시면서 바른자세, 척추위생, 걷기운동 하세요. 좀 더 빠른 효과를 보고싶으시면 자*한방병원도 추천드립니다. 양방,한방 병행하면 시술,수술안하고도 완쾌될수있습니다. 디스크는 원래 자연치유가 가능하답니다",2년 전
175,  여름,너무 아파서 단한번의 잘못된 선택으로 검증도 안된 650만원이나 하는 시술을 받을뻔했습니다. 환자들의 고통을 이용삼아 검증도 안된 시술을 마구잡이로 하는 의사도 잘못되었다고 생각합니다...,3년 전
176,  김주범,아놔 다리 터질꺼 같은데 ㅠㅠ,5년 전
177,  이양숙,6개월 기다려서 외래  진료갔더니 10초 진료 보고 왔어요  자세히 애기도 해주지 않더라구요,1년 전
178,  PEACEMINUSONE,이 영상에 한가지오점이 있다면.. 윗몸일으키기를 추천하신거;;,3년 전
179,  힘윤,요새는 시술로 많이 하던데~,5년 전
180,  김초롱이,척추..디스크 퇴행성이라구..?척추..팔다리도 아니고..뭐??달아 없어지냐.??,3개월 전
181,  푸른바람,"의사를 욕할수 있는 권리가 내게는 있다.1. 유명한방병원 치료해 악화되였다.2. 그 병원 심하게 악화되니 치료 포기했다.3.다른 유명외과병원가 비수술치료들 효과 없어 수술했다.(이게 개소리 같지만 뒤 이야기 듣고 판단하세요.)4.퇴원후 병원에서 하라는 재활치료가 효과없고 오히려 악화증상이 나타났다.5.방법없어 인터넷지식으로 차츰 좋아졌다.6.좋아진 방법에 이유를 풀어 신생활치료법을 만들어하니 매우 좋아졌다.7.건강찾아 일하여 재발했으나 재발은 찾아낸 치료를 안하여서 였고 하니 정상되 일했다.8.전문가들 원인으로 지목한 것을 일때문에 하는데 생활치료하며 거의 정상에 가깝게 산다.쉽게 말하면 전문가들 하라는데로 해서 아프기만 했고 하지말라는 방법안에서도 잘산다는 것.그리고 원인,치료법 아니 이러고 산다는 거다.욕할만 하지만 많이 참는거다.",4년 전
182,  적대봉,제발 대충해서 보내지 마세요환자는 고통스러운데 1분 진단으로주사한방놔주고 약처방하고 유명하다고찾아가 보면 한마디로 실소가 나온다.  MRI.찍어라 열화상 촬영해라. CT찍어라 피검사해라. 매상올리는데만 정신이 없다.,4년 전
183,  국화,허리디스크래요 다리가밤에너무아파요 약물치료햏는데도 차도가엇ㅂ네요방되면잠을못자요,1년 전
184,  이유화,신경차단주사맞고 10개월 행복했음 그후다시재발 2차주사맞고 일주일효과 그후신경차단주사포기.,2년 전
185,  김용태원우,디스크절대로수술하지마세요수술휴유증어떡게할거!아닌가하는데절대로수술하지마재가오족하멶하지말라고하겠읍니까고통말못해고생매일죽고싶은생각오족하면이레디스크못살을병이다,5년 전
186,  Matt Shin,차타지 말고 걸어다니세요. 1주일에 3회 정도 걷기운동 추천합니다,4년 전
187,  원회,유튜브에 허리 박사 왜 이리 많어?서울대 병원장 당신이 하라.  엉터리 의사들,4년 전
188,  숙미 최,허리 분리증 수술후에  재활을  하지않고  일을  심하게했어요현재는 허리통증으로  일반생활이  어려워져서  재활해보려구요..ㅠㅠ,1년 전
189,  더라이트,오.. 내가 좋아요누르니깐 8.9에서 9천 딱 되네  ㅎㅎ,1년 전
190,  이규빈,허리가 아픈데 많이 걸으면 엉덩이랑 등까지 아픈데 x레이같은걸 찍었을땐 문제 없다고 합니다뭐가 문제일까요..,1년 전
191,  박용호,저는요추5번밑에 디스크라고 하는데요  다리만아프고 허리를 숙이면안아프고 앉아있으면 안아파요 증세가 협착증이 아닌지요  디스크는 걸으면안아프고 앉아있으면 아프다고 들은거같은데요 디스크라고 진단이 나왔는데요 저는 협착증이 아닌가 싶은데요 디스크인데 협착증같은 증세로  아플수도 있나요,1년 전(수정됨)
192,  엔돌핀,감사합니다너무자세히설명하셔서잘알아듣게해주셔서감사합니다,1년 전
193,  교미다미유니아빠미노,돈 많이 들죠?다시한번  걷고 싶은데,1년 전
194,  YAOYAO ZOU,좋은정보네요잘들엇읍니다나이드니조금씩허리가아프기시작합니다,2년 전
195,  대박,많이 걸어야 좋은것같아요  그냥 운동으로 극복해야 재발안합니다,3년 전
196,  아ᆢ정말욱하네,다리가 저러서  ᆢ병원갔더니협착이라네ᆢ울산에 세바ㄹㄴ 병원 티비도나오고선전도많이해서  ᆢ시술을 받았늣데시술비가 800마눤ᆢ그런데 안나아요ᆢ계속 안낫는다하니원장새끼 승질을내ᆢ내가 병윈상대로 이길수도 엄고ᆢ걍포기하고ᆢ다리저림은 그냥그대로고ᆢ그러고 살고있슴돠사기꾼 의사들땜에 병원가기 두렵네요ᆢ,3년 전
197,  린🥯,일단 저기 기침하는 사람부터 고쳐주세요ㅋ,1년 전
198,  ssyykim8497 kim,성함이,2년 전
199,  핫세,허리디스크 파열됐는데진짜 무지무지아파요발바닥은 감각이없고 스폰지같고다리는 터지는것같아요 ㅜ지금은 괜찮은데  생각만해도 끔찍하네요,1년 전
200,  진하윤,제가 중학생인데 지금 디스크라서 너무아파요..ㅠㅠㅜㅠㅜ 잘때도힘드네요..,3년 전
201,  한강,감사합니다,2년 전
202,  離愛,감사합니다,5년 전
203,  최명희,감사합니다,1년 전
204,  MedLAB,감사합니다,1년 전
205,  이ᄎ,감사합니다,1년 전
206,  박승철,감사합니다,5년 전
207,  퀀텀점프,10:00,1년 전
208,  장순화,시술절대하면안대요 주변전부재발 사기꾼의사다,2년 전
209,  숙미 최,스트로이드..?,1년 전
210,  정건우,제경험 공유 해드림 허리 아프신분 척추분리증으로 1년넘게 통증가지거 있는데 걷는거 부터 움직이는게아프신분들 많을겁니다 저도 처음엔 시술받고 주사맞고 여러번했습니다걷는것도 너무 아파서 이악물고걸어더 너무 아프더라구여 지금은 야외산책 40분정도 하고집에서 누워있다가 조금씩움직였는데 얼마전에 스테퍼 기구 5만원정더 주고 샀는데강도 풀로하고 하니 허리통증은 없고허벅지 부터 허리까지 잡아줘서집에 있을때 누워만있지마시고 티비켜놓고스테퍼 하세여 근력 조금씩 잡아주고 통증도 없어집니다 거기에 푸시업 10세트 20개씩 끊어서 합니다 30대 중반 이구여 누워만있으면 더아프더라구요 1시간내외 야외산책+스테퍼+푸시업 이정도 해주시면통증 많이 줄어들고 속근육 키울수있을겁니다무리하게 플랭크나 허리근력운동 하지마시구요복근운동하다가 허리 더아파서 혼났습미다지금 통증많이줄고 잘걷고  하네요,1년 전
211,  호히히,장래희망 의사로 갑니다ㅋ,1년 전
212,  연희동,자막이 화면 전체를막아서 목소리 외에안보입니다,1년 전
213,  Heejin Chang,ㅍ오늘 허리,4년 전
214,  강종문,이런증상이 있는병인지도 몰랐어요갑자기 엉치뼈가으스러지느것처럼 아파서 누어서 양치  식사 한지10일됐어요 답답해요,1년 전
215,  우석순,협착증인데치료와수술중간에단계에있다는데다리주사하니얼굴이몇일푸석푸석한데주사해야하나요,1년 전
216,  윤인하,댓글 달경우 특히기글은 띄어쓰기좀 제대로 누가보더라도 알아보기쉽게 좀 합시다,1년 전
217,  정써니,요추  ㆍ좌골   맞추시면 됩니다,1년 전
218,  박동균,허리 보조기을 차고다니면 좋은가요 매일매일차고다니거든요,1년 전
